timestamp,​0x7f597525b13927196245A83D509e04A9dfF0f3df,​0xAD037A8E1D9B0951c9c7923A36BFdb39ae161678,​0x1483d0ec836C754a6cb1C78EE48F587686ff69f6,​0x6D08D19Dff533050f93EaAa0a009e2771D3598bC,​0x3045ee73C20c97341683FC698B3a6653CeF3424e,​0x3D224BA5c8f711e0a678a374ea81038eD7bD1DD1,​0x252bD6f91c89D7EF9E504FB179d9075687128872,​0x550E1d8417e695a063267e0C80DBf582104a9e21,​0x91a58985c223aF2a32B7Cc0101e82D66c547aE0a,​0x3f06a957b36bFA045e37fcD6DA4d761713958826,​0x8fe7B7407582EB5547992f28533726Bf54048c5E,​0xD293f479254D5F6494c66A4982C7cA514A53D7C4,​0xC0b2D39C76cD98F913498577994059802F66ce4d,​0xC6CF655651b384Eb2271EC5f1Bb88709C9487FbB,​0x3C2875f95a9049d98d10B97c4b187Eb15f640DA4,​0x533653B6eD8394ff7E455017B4b1D12355bF27F5,​0xB95CC059C165EFB3fCAE03eB0198eC53a7bdF936,​0x9e467335C0954D6f91a992f39d71f9cE5B86d318,​0xE1ec2c2772464e1ed36F22475c27Eaa722cf21DC,​0x1943C45957CD79704eF17EA8366088efA08cB86C,​0xDB096c67657479262C7EED28198Ac288a3212bd9,​0x2B77b5C64046FF7222308E9044325C9098063DC1,​0xf9F99f982f3Ea9020f0A0afd4D4679dFEe1B63cf,​0xFb7076368fBF8e5af4834B832ae0A28754a8c258,​0x474EA35c7f2B3Cb9f30300C1f811B8Bd69074521,​0x6AF145b25e93013dE9446bB4750C7919A2f7C2D0,​0x2A75FE923683625d578a96dAf8275880d6379A4f,​0xf955e26cf94d3D4A4C45Bd6C59C906d610e3AAd6,​0x206D06A7D4b2029A2531C31454AFB2543123Df78,​0x77027dEACC6c263452aB2605adD7Dc8b0345d342,​0x46Bf1C951F922028Cd34356C0057ff0A60bE200C,​0x57DE82d36d31F6A3aDFf94fF1d664A005b21dF76,​0x0044bd1C7c5572965910e3963667177823246C09,​0x687bF4B3760e43E256b82E191A10A2dCab33D0f5,​0xeb5280c27F0eCe2dD5afd6b210660C6979Af1536,​0xdA60354bcf9ca10566a39526142aaEa75fC68186,​0xca91463ca55577E4eCEc2E50eEeb0a7033600454,​0xa602CA7015Ce9226E5a74c191C957489Dc8db55e,​0x7249b64fa876937C063522640a48D8C02196e0AD,​0xD79136E9547CC39608ad94C0c5Ba421f7ba58487,​0x49696d7E25802a4C98e137ed8c49f07b5D5F5B95,​0x53E3f526F9BC65cE701Cc323Db4F6307E370f01A,​0x780f3C1D46CF0586340be23e99Eb0d79271b6d71,​0x941Fc90DE8516815946a82713cD099F0E298BD51,​0xf21604dd2EA233fCa9BBCE4a1Db197AF2Cf542f9,​0xE89F34C20f2bCA063b0A15A8A9349eFA96Dcf758,​0x18C2385481cDf28779aC271272398dD61cc8CF3E,​0xf3D92E6C6ac4eA75D0b0d9C938A8de8f0449BE9e,​0x6Bafe9aFe3D5fecb59262177b05F3C341EC5Ee59,​0xF0dB0ba60CDd594272707E81b63f0Dd63dD6154A,​0x90b497813A16b04f944031e5C6DBd5EA89663e8B,​0x3b9D3f33Bf20e752Ab16A109Ce8B6e07d7CA1b9b,​0xeaCaf3154B880a96CDFaBFcB45a5a275b9F336F5,​0x3DFA17D931Fb1A7E231e6f96d5B34D56f171AfFc,​0xA334e40C9A9d5a82dA7a8EF4d2f2406E8CE3A45F,​0xcd8d63Ea8535367252107eb8B1912C71652A4903,​0x13Fc5C0783a397D4B77b71daF60e6320F7f44620,​0x1FbC1DE90D6c14daBC8cbA43e9dC910CFbff73dD,​0x40ae9C4B34D27b67c594d09C697C91e512a1A96c,​0x059305d456CBAD00b67bBE4473970E6E4E058f69,​0xda8456250bE00B7e054810Ccd83Bac8BCfA6aD8B,​0x2E9Dcef985a64DF947CAA4310814FaE203786895,​0xA81A8c1f6388B7e8174d636309674eACb82174AD,​0x7695016b2eb73b3251D55F7d081a7929697adf31,​0x5e168c9ec105D45f4d23650cc35b47dEd3719D8C,​0x178E9069A5b17bDd2FD135fFECB756978083c510,​0xAb15A4681f9F93b00d4831f0BE3e1813AD53550D,​0x2665F7303dC2dE402A1b7362FEeF8B4c8109617e,Other
1548086260000,,,,,,,,,,,,,,,,,,,,,,,,,,,,,,,,,,,,,,,,,,,,,,,,,,,,,,,,,,,,,,,,,,,,,
1548136260000,,,,,,,,,,,,,,,,,,,,,,,,,,,,,,,,,,,,,,,,,,,,,,,,,,,,,,,,,,,,,,,,,,,,,
1548186260000,,,,,,,,,,,,,,,,,,,,,,,,,,,,,,,,,,,,,,,,,,,,,,,,,,,,,,,,,,,,,,,,,,,,,
1548236260000,,,,,,,,,,,,,,,,,,,,,,,,,,,,,,,,,,,,,,,,,,,,,,,,,,,,,,,,,,,,,,,,,,,,,
1548286260000,,,,,,,,,,,,,,,,,,,,,,,,,,,,,,,,,,,,,,,,,,,,,,,,,,,,,,,,,,,,,,,,,,,,,
1548336270000,,,,,,,,,,,,,,,,,,,,,,,,,,,,,,,,,,,,,,,,,,,,,,,,,,,,,,,,,,,,,,,,,,,,,1796.45
1548386290000,,,,,,,,,,,,,,,,,,,,,,,,,,,,,,,,,,,,,,,,,,,,,,,,,,,,,,,,,,,,,,,,,,,,,
1548436290000,,,,,,,,,,,,,,,,,,,,,,,,,,,,,,,,,,,,,,,,,,,,,,,,,,,,,,,,,,,,,,,,,,,,,
1548486300000,,,,,,,,,,,,,,,,,,,,,,,,,,,,,,,,,,,,,,,,,,,,,,,,,,,,,,,,,,,,,,,,,,,,,
1548536310000,,,,,,,,,,,,,,,,,,,,,,,,,,,,,,,,,,,,,,,,,,,,,,,,,,,,,,,,,,,,,,,,,,,,,
1548586320000,,,,,,,,,,,,,,,,,,,,,,,,,,,,,,,,,,,,,,,,,,,,,,,,,,,,,,,,,,,,,,,,,,,,,
1548636320000,,,,,,,,,,,,,,,,,,,,,,,,,,,,,,,,,,,,,,,,,,,,,,,,,,,,,,,,,,,,,,,,,,,,,
1548686340000,,,,,,,,,,,,,,,,,,,,,,,,,,,,,,,,,,,,,,,3683.00,,,,,,,,,,,,,,,,,,,,,,,,,,,,,,20171.10
1548736340000,,,,,,,,,,,,,,,,,,,,,,,,,,,,,,,,,,,,,,,,,,,,,,,,,75000.00,,,,,,,,,,,,,,,,,,,,
1548786350000,,,,,,,,,,,,,,,,,,,,,,,,,,,,,,,,,,,,,,,,,,,,,,,,,58600.99,,,,,,,,,,,,,,,,,,,,
1548836350000,,,,,,,,,,,,,,,,,,,,,,,,,,,,,,,,,,,,,,,,,,,,,,,,,13000.00,,,,,,,,,,,,,,,,,,,,
1548886370000,,,,,,,,,,,,,,,,,,,,,,,,,,,,,,,,,,,,,,,,,,,,,,,,,,,,,,,,,,,,,,,,,,,,,
1548936490000,,,,,,,,,,,,,,,,,,,,,,,,,,,,,,,,,,,,,,,,,,,,,,,,,,,,,,,,,,,,,,,,,,,,,
1548986770000,,,,,,,,,,,,,,,,,,,,,,,,,,,,,,,,,,,,,,,,,,,,,,,,,,,,,,,,,,,,,,,,,,,,,9590.34
1549037280000,,,,,,,,,,,,,,,,,,,,,,,,,,,,,,,,,,,,,,,,,,,,,,,,,,,,,,,,,,,,,,,,,,,,,
1549087950000,,,,,,,,,,,,,,,,,,,,,,,,,,,,,,,,,,,,,,,,,,,,,,,,,,,,,,,,,,,,,,,,,,,,,
1549138840000,,,,,,,,,,,,,,,,,,,,,,,,,,,,,,,,,,,,,,,,,,,,,,,,,,,,,,,,,,,,,,,,,,,,,
1549189660000,,,,,,,,,,,,,,,,,,,,,,,79.11,,,,,,,,,,,,300058.93,,,,1626.00,,,,,,,,,,,,,,,,,,,,,,,,,,,,,,
1549240810000,,,,,,,,,,,,,,,,,,,,,,,,,,,,,,,,,,,50000.00,,,,,,,,74950.00,,,,,,,,,,,,,,,,,,,,,,,,,,
1549291940000,,,,,,,,,,,,,,,,,,,,,,,12197.77,,,,,,,,,,,,50000.00,,,,,,74503.50,,,,,,,,185838.70,,,,,,70.50,,,,,,,,162658.18,,,,,,317.89
1549342890000,,,,,,,42715.29,,,,,52205.97,,,,,,11093.67,,,,,35634.59,,,,,,,,,,,,,,,,,,,,,,,,67865.32,183696.91,,,,,,,,,,,,,,,,,,,,,35778.16
1549394020000,,,,,,,,,,,,,,,,,,,,,,,11296.91,,,160383.78,,,,,,,,,,,,,,,,,49950.00,,,,,,,,,,,,88430.91,,,65266.49,,,,,85479.48,,,,,,8000.00
1549444910000,,,,,,,,,,,,,,,,,,,,,,,996.12,,,,,,,,,,,,,,,,58700.00,,,,,,,,,,,,,,,,,,,,,,,,,,,,,,4540.07
1549496040000,36978.44,,,,,,,,,,,6755.20,,,,,,,,,,,580.29,,,148984.69,,,,,,,,,,,,,136761.67,,,,,,698555.38,229345.44,,,,,,,,,,,,,,,,,,,,,,,16528.54
1549547250000,,,,,,,,,,,,,,,,,,,,,,,,,,171295.06,,344.73,,,,,,,,,,,382.86,,,,,,,,,,,,,,,,,,,,,,,,,,,,,100000.00,2271.84
1549598050000,3696.99,,,,,,,,,,,12583.96,,,,,,,,,,,,,,97718.15,68130.82,6884.59,,,,,,,,,,,,,,,49950.00,,,,13079.25,,,,,,,,,,,,,,,,,,,,,,
1549649080000,,,,,,,,,,,,,,,,,,,,,,,3204.97,,,,,,,,,,,,,,,,137276.48,,,,,,,,,,,,,,,,,,,,,,,,,,,,,,23077.30
1549700210000,,,,,,,,,,,,49963.50,,,,,,,,,,,,,,,,,,,,,,,,,,,,,,,,,,,,57895.30,,,,,,,,,,,,,,,60149.79,,,,,,232.94
1549751420000,,,,,,,,,,,,,,,,,,,,,,,,,,,41866.20,,,,,,,,,,,,77624.86,,,,99900.00,,,50448.52,,,,,,,,,,,,,,,,,,,,,,,450.00
1549802370000,,,,,,,,,,,,,,,,,,,,,,,4518.63,,,,,,,,,,,,,,,,,,,,,,,38894.69,,,,,,,,,,,,,,,,,,,,,,,29000.00
1549853090000,,,,,,,,,,,,,,,,,,,,,,,,,,,21148.91,,,,,,,,,,,,,,,,,,,16228.33,,,,,,,,,,,,,,,,,,,,,,,
1549903610000,,,,,,,,,,,,69402.56,,,,,,,,,,,,,,,,,,,,,,,,,,,,,,,,,,32971.45,,,,,,,,,,,,,,,,,,,,,,,10.00
1549954170000,,,,,,,,,,,,,,,,,,,,,,,0.74,,,,,,,,,,,,,,,,,,,,,,,30153.76,14937.45,,,,,,,,,,,,,,,,,,,,,,20.00
1550004820000,,,,,,,,,,,,,,,,,,,,,,,215.53,,,,25000.00,,,,,,,,,,,,,,,,,,,,,,,,,,,,,,,,,,,,,,,,,,
1550055340000,,,,,,,,,,,,,,,,,,,,,,,,,,,,,,,,,,,,,,,,,,,,,,,,,,,,,,,,,,,,,,,53702.45,,,,,,
1550105340000,,,,,,,,,,,,,,,,,,,,,,,49.98,,,,,,,,,,,,,,,,29373.94,,,,,,,,,,,,,,,,,,,,,,,,,,,,,,
1550155340000,,,,,,,,,,,,,,,,,,,,,,,,,,,,,,,,,,,31718.14,,,,,,,,,,,22445.93,,,,,,,,,,,,,,,,,,,,,,,
1550205370000,,,,,,,,,,,,,,,,,,,,,,,6268.23,,,,80000.00,,,,,,,,,,,,,,,,,,,,37356.35,,,,,,,,,,,,,,,,,,,,,,
1550255400000,,,,,,,,,,,,,,,,,,,,,,,944.80,,,,63439.05,,,,,,,,,,,,,,,,,,,,37131.21,,,,,,,,,,,,,,,,,,,,,,
1550305400000,,,,,,,,,,,,,,,,,,,,,,,,,,,,,,,,,,,,,,,,,,,,,,,,,,,,,,,,,,,,,,,,,,,,,
1550355400000,,,,,,,,,,,,,,,,,,,,,,,7006.92,,,,123212.16,,,,,,,,,,,,,,,,,,,32901.36,,,,,,,,,,,,,,,,,,,,,,,
1550405410000,,,,,,,,,,,,,,,,,,,,,,,290.14,,100000.00,,39062.29,,,,,,,,,,,,,,,,,,,,,,,,,,,,,,,,,,,,,,,,,,
1550455410000,,,,,,,,,,17494.25,,,,,,,,,,,,,43302.42,,,,80355.98,,,,,,,,,,,,,,,,,,,,,,,,,,,,,,,,,,,,,,,,,,
1550505440000,,,,,,,,,,,,,,,,,,,,,139358.35,,,,,,,56808.93,,,,,,,,,,,,,,,,,,30000.00,,,,,,,,,,,,,,,,,,,,,,,
1550555450000,244754.71,,,,,,,,,,,19010.71,,,,,,,,,,,,,,,23937.59,,,,,,,,,,,,,,,,,,,7940.10,57480.94,,,,,,,,,,,,,,,,,,,,,,1527.00
1550605460000,,,,,,,,,,,,8228.12,,,,,,,,,,,,,,,40000.00,,,,,,,,,,,,,,,,,,,61724.60,,,,,,,,,,,,,,,,,,,,,,,
1550655470000,,,,,,,,,,,,,,,,,,,,,58848.95,,,,,,67057.74,,,,,,,,,,,,,,,,,,,,,,,,,,,,,,,,,,,,,,,,,,16581.60
1550705480000,,,,,,,,,,,,,,,,,,,,,,,1909.96,,,,46115.48,,,,,,,,,,,,,,,,,,,,,,,,,,,,6334.00,,,,,1390.91,,,,,,,,,11337.87
1550755670000,,,,,,,,,,,,,,,,,,,,,,,196.79,,,,,,,,,,,,,,,,,,,,,,,,,,,,,,,,,,,,,,,,,,,,,,1296.00
1550805670000,,,,,,,,,,,,,,,,,,,,,,,767.75,,,,100535.81,,88954.28,,,,,,,,,,,,,,,,,,,,,,,,,,,,,,,,,,,,,,,,80.08
1550855710000,,,,,,,,,,,,,,,,,,,,,,,,,,,30000.00,,,,,,,,,,67577.51,,28020.02,,,,,,,,,,,,,,,,,,,,,,,,,,,,,,1.00
1550905710000,,,,,,,,,,,,,,,21392.68,,,,,,,,,,,,,,,,,,,,,,70680.77,,,,,,,,,,,,,,,,,,14542.59,,,,,,,,,,,,,,7500.00
1550955710000,,,,,,,,,,,,,,,,,,,,,,,,,,,,,,,,,,,,,,,,100000.00,,,,,,,,,,,,,,,,,,,,58588.96,,,,,,14660.40,,,
1551005730000,,,,,,,,,,,,,,,,,,,,,,,,,,,,,,,,,,,28685.36,,,,,,,,,,,,,,,,,,,,,,,,,,,,18521.00,,,,,,1351.61
1551055740000,,,,,,,,,,,,,,,934.34,,,,,,,,,,,,17579.99,,,,,,,,,,,,,,,,,,,,,,,,,,,,,,,,,,,,40336.95,,,,,,29.50
1551105740000,,,,,,,,,,23474.39,,,,,,,,,,,,,,,,,,,,,,,,,,97495.00,,,,,,,,,,117672.59,,,,,,,,,,,,,,,,,,,,,,,1506.56
1551155750000,,,,,,,,,,,,,,,,50000.00,,,,,,,6767.31,,,,,5613.74,20593.69,,,,,,,25975.54,,,,,,,,,,,,,,,,,,,,,,,,,,,,,,,,,20000.00
1551205780000,,,,,,,,10000.00,,,,,,47768.29,,,,,,,,,15352.41,,,,,,,,,,42800.00,,14708.30,,,,,,,,,,,119125.78,,,,,,,,,,,,,,,,,,,,,,,21000.00
1551255810000,,,,,,,,,,,,,,,2526.00,,,,,,,,1292.86,,,,,,,,,,,,,,,,,,,,,,,29264.83,,,,,,,,,,,,,,,,,,,,,,,17097.32
1551305810000,,,,,,,2971.45,1312.95,,,,,,,747.30,,,,,,,,3022.58,,,,157000.00,,,,,,,,,,,,,,,,,,,,,,,,,,,,,,,242585.41,,,,,64367.00,,,,,,5710.04
1551355830000,,,,,,,,,,,,2305.79,,,26165.72,,,,,,,,7189.06,,,,,,,,,,,,,,,,,,,,,,,201553.00,,145717.28,,,,,,,,,,,,,,,,38643.07,,,,,
1551405840000,,,,,,,,,,,40000.00,4059.13,,,,,,,,,,,846.20,,,,160000.00,,,,,,,,,,,,,,,,,,,,,,,,,,,,,,,245344.47,,,49999.00,,143099.42,,,,,,4000.00
1551455860000,,,,,,,,,,,,,,,,,,,,,,,26675.53,,,,229730.24,,,130000.00,,,,,,,,,,,,,,,,155749.58,,,,,,,,,,,,239689.99,,,,,19993.18,,,,,,21000.00
1551505870000,,,,,,,,,,,,,,,,10000.00,,,,,,,4047.00,,,,,,,,,,,,,,,,10950.11,,,,,,,,,,,,,,,,,,,,,,,,10033.10,,,,,,
1551555870000,,,,,,,,,,,,,,,,,,,,,,,,,,,242000.00,,,,,,,,,,,418614.95,,,,,,,,184687.00,,,,,,,,30000.00,,9970.00,,234841.54,,,,89000.00,79291.00,,,,,,
1551605870000,,,,,,,,,,,,,,,,,,,,,,,,,,,388000.00,,,,,,,,,,,,,,,,10000.00,,,,,,,,,,,,,,,578147.63,,,,90000.00,97000.00,,,,,,
1551655870000,,,,,,,,,,,,,,,,,,,,,,,,,,,120000.00,,,,,,,,,,,,,,,,10000.00,,,,,,,,,,,,,,,178332.51,,,,,70000.00,,,,,,500.00
1551705890000,,,,,153649.75,,,,,19176.00,,,,,,,,,,,,,,,,,140000.00,,,,,,,,,,,,,,,,,,,305692.57,,,,,,,,,,,,,,48443.77,,,308052.00,,,,,,
1551755900000,229787.07,,,,,,,,,,,480523.73,,,,,,,,,,,,,,,180000.00,,21049.54,,,,,,,,,,4267.46,,,,10000.00,,,362680.03,,,,,,,,,,,,,,,,,20000.00,,,,,,26484.79
1551805900000,,,,,,,,,,,,,,,,,,,,,,,,,,,,,,,,,,,,,,,,,,,,,,,,,,,,,,,,,,,,,,,,,,,,,
1551855930000,,,,,,,,,,,,28600.62,,,,,,,,,,,,,,,,,,,,,,,,,,,,,,,,,,,,,,,,,,,,,,,,,,,,,,,,,3274.40
1551905930000,,8459.44,,,,,,5000.00,,,,,,,,,,,,,,,,,,,,,,,,,,,,,,,,,,,,,,,,,,,,,,,,36879.21,,,,,,,,,,17800.00,,,
1551955930000,,,,,,,,,,,,,,,,,,,,,,,694.96,,,,,,,,,,,,,,,,,,,,,,,,,,,,,,,,,,,,,,,,,,,14405.02,,,5421.56
1552005930000,,40000.00,,,,,,,,,,,,,,,,,,,,,,,,,460000.00,,,,,633183.75,,,,,,,,,,,19950.00,,,,,,,,,,,,,,,,,,,,139336.00,,,28114.96,,,
1552055930000,,,,,,,,,,,,,,,,,,,,,,,,,,,,,,,,,,,,,,,,,,,,,,,,,,,,,,,,,,,,,,,,,,,,,
1552105930000,,,,,,,,,,,,,,,,,,39430.00,,,,,,,,,,,,,,,,,,,,,,,,,,,,,39613.73,,,,,,,,,,,,,,,,55636.84,,,,,,500.00
1552155930000,,23677.01,,,,,,,,,,,,,,,,,,,,,3818.31,,,,,,,,,,,,,56235.86,,,,,,,,,,,,,,,,,,,,,,,,,,,,,,14934.71,,,
1552206030000,,46568.77,,,,,,,,,,,,,,,,68038.19,,,,,,,,,,,,,,,,,,,,,,,,,,,,,,,,,,,,,,,,,,,,,,,,2307.21,,,
1552256030000,,,,,,,,,,,,,,,,,,,,,,,,,,,,,,,,,,,,,,,,,,,,,,,,,,,,,,,,,,,,,,,,,,7529.12,,,
1552306090000,,,,,,,,,,,,,,,,,,,,,,,862.63,,,,,,,,,,,,,,,,,,,,,,,,,,,,,,,,,,,,,,,,,,,,,,
1552356240000,,7000.00,,,,,,,,,,,,,,,,,,,,,,,,,,,,,,,,,,,,,,,,,,,,,,,,,,,,,,,,,,,,,,,,,,,24371.48
1552406330000,,23464.63,,,,,,,,,,,,,,25000.00,,,,,,,,,,,77711.14,,,,,96109.13,,,,,,,,,,,,,,,,,,,,,,,,,,,,,,,12451.75,,,,,,
1552456340000,,,,,,,,,,,,,,,,,,,,,,,,,,,112249.20,,,,,,,,,,,,,,,,,,,,,89468.26,,,,,,,,,,,,,,,,,,,,,1014.98
1552506350000,,,,,,,,,,,,,,,,,,,,,,,,,,,,,,,,,,,,,,,,,,,,187401.04,,,,,,,,,,,,,,,,,,,,,,,,,
1552556380000,,,,,,,,,,,,,,,,,,,,,,,,,,,208883.93,,,,,,,,,,,,,,,,,,,,,,,,,,,,,,,,,,,,,,,,,,
1552606400000,,,,,,,,,,,,,,,,,,,,,,,,,,,,,,,,,,,,,,,,,,,,,,,,,,,,,,,,,,,,,,,,,,,,,
1552656410000,,,,,,,,,,,,,,,,,,,,,,,,,,,,,,,,,,,,,,,,,,,,,,,,,,,,,,,,,,,,,,,,,,,,,10000.00
1552706410000,,,,,,,,,,,,,,,,,,,,,,,9320.40,,,,,,,,,,,,,,,,,,,,,,,,,,,,,,,,,,,,,,,,18308.84,,,,,,1744.99
1552756450000,,,,,,,,,,,,,,,,,,,,,,,571.61,,,,,,,,,,,,,,,,,,,,,,,,,,,,,,,,,,,,,,,,,,,,,,
1552806450000,,23311.05,,,,,,,,,,,,,,,,,,,,,,,,,,,,,,,,,,,,,,,,,,,,,,,,,,,,,,,,,,,,,,,,,,,
1552856450000,,,,,,,,,,,,,,,,,,,,,,,,,,,28170.00,,,,,,,,,,,,,,,,,,,,,,,,,,,,,,,,,,,,,,,,,,
1552906460000,,,,,,,,,,,,,,,,,,,,,,,,,,,,,,,,,,,,,,,,,,,,,,,,,,,,,,,,,,,,,,,,,,,,,10429.12
1552956460000,,,,,,,,,,,,,104916.85,,,,,,,,,,,,,,80000.00,,,,,,,,,,,,,,,,,,,,,,,59900.00,,,,,,,,,,,,,29884.96,,,,,,
1553006500000,,,,,,,,,,,,,,,,,,,,,,,,,,,,,,,,,,,,,,,,,,,,,,,,,,,,,,,,,,,,,,,7777.64,,,,,,
1553056530000,,20000.00,,,,,,,,,,,,,,,,,,,,,1623.00,,,,26000.00,,,,,,,,,,,,,,,,,,,,,,,,,,,,,,,,,92971.58,,,10000.00,,,,,,
1553106550000,,,,,,,,,,,,,,,,,,,,,,,548.38,,,,,,,,,,,,,,,,,,,,,,,,,,,,,,,,,,,,,42876.28,,,20000.00,,,,,,
1553156550000,,,,,,,,,,,,,,,,,,,,,,,,,,,,,,,,,,,,,,,,,,,,,,,,,,,,,,,,,,,,,,,,,,,,,
1553206550000,,,,,,,,,,,,,,,,,,,,,,,,,,,,,,,,,,,,,,,,,,,,,,,,,,,,,,,,,,,,,,,,,,,,,2008.56
1553256580000,,,,,,,,,,,,,,,,,,,,,,,,,,,,,,,,,,,,,,,,,,,,,,,,,,,,,,,,,,,,,,,,,,,,,
1553306590000,,12353.25,,,,,,,,,,46661.99,,,,,,,,,,,4718.70,,,,45663.20,,,,,,,,,,,,,,,99322.32,,,,,,,,,,,,,,,,,,,,,,,,,,,3739.80
1553356610000,,,,,,,,,,,,,,,,,,,,,,,,,,,,,,,,,,,,,,,,,,,,,,,,,,,,,,,5791.00,,,,,,,,20073.59,,,,,,
1553406660000,,20000.00,,,,,,,,,,,435051.32,,,,,,,,,,,,,,425943.33,,,,,,,,,,,,,,,,,,,,,,,,,,,,,,,,,,,,,,,,,,
1553456670000,,20000.00,,,,,,,,,,,,,,,,,,,,,,,,,37490.41,,,,,,,,,,,,,,,,,,,,,,,,10100.00,,,,,,,,,,,,,,,,,,0.00
1553506710000,,35000.00,,,,,,,,,,,,,,,,,,,,,1220.57,,,,307366.98,,,,,,,,,,,,,,,,,,,,,,,,,355686.00,,,,,,,,,,,11698.44,,,,,,9702.51
1553556780000,,,,,,,,,,,,,,,,,,,,,,,,,,,59253.69,,,,,,,,,,,,,,,,,,,,,,,,,,,,,,,,,,,,21517.99,,,,,,
1553606790000,,,,,,,,,,,,,,,,,,,,,,,422.77,,,,,,,,,,,,,,,,,,,,,,,,,,,,,,,,,,,,,,,,,,,,,,29481.00
1553656790000,,15000.00,,,,,,,,,,,,,,,,,,,,,,,,,,,,,,,,,,,,,,,,,,,,,,,,,,,,,,,,,,,,,,,,,,,
1553706810000,,,,,,,,,,,,,,,,,,,,,,,17556.84,,,,,,,,,,,,,,,,,,,,,,,,,,,,,,,,,,,,,,,,,,,,,,
1553756820000,,13779.95,,,,,,,,,,,,,,,,,,,,,,,,,455175.07,,,,,,,395444.00,,,,,,,,,,,,,,,,,,142065.19,,,,,,,,,,,,,,,,,
1553806820000,,10000.00,,,,,,,,,,,,,,,,,,,,,,,,,123032.14,,,,,,,,,,,,,,,,,,,,,,,,,,,,,,,,,,,,11500.00,,,,,,
1553856850000,,,,,,,,,,,,,,,,,,,,,,,1126.30,,,,,,,,,,,,,,,,,,,,,,,,,,,,,,,,,,,,,,,,,,,,,,11660.56
1553906880000,,,,,,,,,,,,,,,,,,,,,,,,,,,,,,,,,,,,,,,,,,,,,,,,,,,,,,,,,,,,,,,,,,,,,
1553956900000,,,,,,,,,,,,,,,,,,,,,,,,,,,,,,,,,,,,,,,,,,,,,,,,,,,,,,,,,,,,,,,,,,,,,
1554006930000,,49423.03,,,,,,,,,,,,,,,,,,,,,,,,,241556.55,,,,,,,,,,,,,,,,,,,,,,,,,346954.58,,,,,,,,,,,20314.60,,,,47093.92,,
1554056930000,,18500.00,,,,,,,,,,,,,,,,,,,,,581.38,,,,163532.09,,,,,,,,,,,,33429.63,,,,,,,,,,,,,,,,,,,,,,,,181280.31,,,,,,
1554106960000,,20000.00,,,,,,,,,,,,,,24000.00,,,,,,,1230.92,,,,34729.53,,,,,,,,,,,,,,,,,,,,,,,,,,,,,,,,,,,,,,,,,,
1554156970000,,,,,,,,,,,,3548.55,,,,,,,,,,,280.84,,,,35190.99,,,,,,,,,,,,,,,,,,,,,,,,,,,,,,,,,,,,,,,,,,
1554207040000,,,,,,,,,,,,,,,,,,,,,,,,,,,,,,,,,,,,,,,,,,,,,,,,,,,,,,,,,,,,,,,,,,,,,
1554257050000,,16644.80,,,,,,,,,,,,,,,,,,,,,,,,,,,,,,,,,,,,,,,,,,,,,,,,,,,,,,,,,,,,,9432.78,,,,,,4203.49
1554307050000,,,,,,,,,,,,,,,,,,,,,,,1563.32,,,,,,,,,,,,,,,,,,,,,,,,,,,,,,,,,,,,,,,,,,,,,,
1554357060000,,38287.45,,,,,,,,,,,,,,,,,,,,,,40000.00,,,,,,,,,,,,,,,,,,,,,,,,,,,,,,,,,,,,,,,,,,,,,1644.77
1554407070000,,20794.53,,,,,,,,,,,,,,,,,,,,,,,,,,,,,,,,,,,,,,,,,,,,,,,,,,,,,,,,,,,,,,,,,,,13594.00
1554457090000,,,,,,,,8630.17,,,,,,,,,,,,,,,,,,,,,,,,,,,,,,,,,,,,,,,,,,,,,,,,,,,,,,,10000.00,,,,,,14432.94
1554507100000,,,,,,,,,,,,,,,,,,,,,,,,,,,,,,,,,,,,,,,,,,,,,,,,,,,,,,,,,,,,,,,,,,,,,
1554557110000,,,,,,,,,,,,,,,,,,,,,,,,,,,,,,,,,,,,,,,,,,,,,,,,,,,,,,,,,,,,,,,,,,,,,188.70
1554607120000,,,,,,,,,,,,,,,,,,,,10409.99,,,,,,,,,,,,,,,,,,,,,,,,,,,,,,,,,,,,,,,,,,,,,,,,,
1554657120000,,,,,,,,,,,,,,,,,,,,,,,,,,,,,,,,,,,,,,,,,,,,,,,,,,,,,,,,,,,,,,,8228.48,,,,,,
1554707130000,,,,,,,,,,,,,,20889.00,,,,,,41065.43,,,,,,,,,,,,,,,,,,,,,,,,,,,,,,,,,,,,,,,,,,,,,,,,,3050.00
1554757150000,,,,,,,,,,,,,,,,,,,,,,,3505.90,,,,,,,,,,,,,,,,,,,,,,,,,,,,,,,,,,,,,,,,,,,,,,2931.93
1554807160000,,,,,,,,,,,,,,,,,,,,140000.00,,,,,,,160000.00,,,,,,,,,,,,,,,,,,,,,,,,,271290.03,,,,,,,,,,,40352.29,,,,,,
1554857160000,,,,,,,,,,,,,,,,,,,,,,,,,,,30088.56,,,,,,,,,,,,,,,,,,,,,,,,,,,,,,,,,,,,,,,,,,
1554907170000,,,,,,,,,,,,,,,,,,,,,,,,,,,10462.84,,,,,,,,,,,,,,,,,,,,,,,,,,,,,,,,,,,,,,,,,,
1554957180000,,,,,,,,,,,,,,,,,,,,,,,,,,,,,,,,,,,,,,,,,,,,,,,,,,,,,,,,,,,,,,,,,,,,,
1555007180000,,,,,,,,8067.58,,,,,,,,,,,,,,,1321.83,,,,,,,,,,,,,,,,,,,,,,,,,,,,,,,,,,,,,,,,40000.00,,,,,,2356.62
1555057180000,,,,,,,,,,,,5073.81,,,,,,,,15000.00,,,5162.54,,,,62398.16,,,,,,,,,,,,,,,,,,,,,,,,,,,,,,,,,,,,20000.00,,,,,,
1555107180000,,,,,,,,,,,,,,,,,,,,10000.00,,,7260.97,,,,71200.00,,,,,,,,,,,,,,,,,,,,,,,,,,,,,,,,,,,,,,,,,,
1555157180000,,,,,,,,,,,,,,,,,,,,,,,,,,,,,,,,,,72000.00,,,,,,,,,,,,,,,,,,,,,,,,,,,,,,,,,,,
1555207180000,,,,,,,,,,,,,,,,,,,,18675.67,,,,,,,,,,,,,,,,,,,,,,,,,,,,,,,,,,,,,,,,,,,21278.73,,,,,,
1555257180000,,,,,,,,,,,,,,,,,,,,,,,694.44,,,,,,,,,,,,,,,,,,,,,,,,,,,,,,,,,,,,,,,,,,,,,,
1555307180000,,,,,,,,,,,,,,,,,,,,,,,,,,,,,,,,,,,,,,,,,,,,,,,,,,,,,,,,,,,,,,,20504.50,,,,,,
1555357190000,,,,,,,,,,,,,,,,,,,,,,,,,,,32583.55,,,,,,,,,,,,,,,,,,,,,,,,,,,,,,,,,,,,,,,,,,1114.20
1555407220000,,,,,,,,,,,,,,,,,,,,,,,,,,,,,,,,,,,,,,,,,,,,,,,,,,,30000.00,,,,,,,,,,,,,,,,,,
1555457230000,,,,,,,,,,,,,,,,,,,,,,,,,,,,,,,,,,,,,,,,,,,,,,,,,,,,,,,,,,,,,,,,,,,,,
1555507260000,,,,,,,,,,,,,,,,,,,,,,,,,,,100000.00,,,,,,,,,,,,,,,,,,,,,,,,,,212186.57,,,,,,,,,,20000.00,,,,,,
1555557260000,,,,,,,,,,,,,,,,,,,,40000.00,,,414.41,,,,,,,,,,,,,,,,,,,,,,,,,,,,,,103105.69,,,,,,,,,,,,,,,,
1555607260000,,,,,,,,,,,,,,,,,,,,,,,,,,,,,,,,,,,,,,,,,,,,,,,,,,,,,,,,,,,,,,,20000.00,,,,,,
1555657260000,,,,,,,,,,,,,,,,,140207.94,,,45000.00,,,135.02,,,,,,,,,,,,,,,,,,,,,,,,,,,,,,,,,,,,,,,,10000.00,,,,,,50.00
1555707270000,,,,,,,,,,,,,,,,,,,,,,,2921.51,,,,40981.42,,,,,,,,,,,,,,,,,,,,,,,,,,,,,,,,,,,,,,,,,,
1555757290000,,,,,,,,,,,,,,,,,,,,,,,,,,,,,,,,,,,,,,,,,,,,,,,,,,,,,,,,,,,,,,,,,,,,,
1555807310000,,,,,,,,,,,,,,,,,,,,,,,,,,,,,,,,,,,,,,,,,,,,,,,,,,,,,,,,,,,,,,,,,,,,,
1555857320000,,,,,,,,,,,,,,,,,,,,,,,,,,,,,,,,,,,,,,,,,,,,,,,,,,,,,,,,,,,,,,,,,,,,,
1555907330000,,,77850.00,,,,,,,,,,,,,,,,,,,,,,,,,,,,,,,,,,,,,,,,,,,,,,,,,,,,,,,,,,,,,,,,,,
1555957540000,,,,,,47490.00,,,,,,,,,,,,,,18554.51,,,,,,,,,,,,,,,,,,,,,,,,,,,,,,,,,,,,,,,,,,,5456.06,,,,55927.31,,
1556007580000,,,,,,,,,,,,,,,,,,,,,,,,,,,,,,,,,,,,,,,,,,,,,,,,,,,,,,,,,,,,,,,,,,,,,
1556057590000,,,,,,,,,,,,,,,,,,,,40992.21,,,,,,,,,,,,,,,,,,,,,,,,,,,,,,,,,,,,,,,,,,,21112.83,,,,,,
1556107640000,,,,,,,,,,,,,,,,,,,,,,,,,,,27300.00,,,,,,,,,,,,,,,,,,,,,,,,,,,,,,,,,,,,,,,,,,
1556157640000,,,,,,,,,,,,,,,,,,,,,,,,,,,,,,,,,,,,,,,,,,,,,,,,,,,,,,,,,,,,,,,,,,,,,
1556207710000,,,,,,,,,,,,,,,,,,,,,,,,,,,,,,,,,,,,,,,,,,,,,,,,,,,,,,,,,,,,,,,,,,,,,
1556257720000,,,,,,,,,,,,,,,,,,,,,,,,,,,,,,,,,,,,,,,,,,,,,,,,,,,,,,,,,,,,,,,,,,,,,
1556307780000,,,,,,,,,,,,,,,,,,,,,,,3053.58,,,,,,,,,,,,,,,,,,,,,,,,,,,,,,,,,,,,,,,,,,,,,,
1556358530000,,,,,,,,,,,,,,,,,173753.02,,,,,,824.46,,,,75200.00,,,,,,,,,,,,,,,,,,,,,,,,,,,,,,,,,,,,,,,,,,
1556410070000,,,,,,,,,,,,,,,,,,,,20000.00,,,,,,,109300.00,,,,,,,,,,,,,,,,,,,,,,,,,,,,,,,,,,,,69470.13,,,,,,
1556462340000,,,,,,,,,,,,,,,,,,,,,,,,,,,,,,,,,,,,,,,,,,,,,,,,,,,,,,,,,,,,,,,,,,,,,
1556515050000,,,,,,,,,,,,,,,,,,,,,,,,,,,6828.95,,,,,,,,,,,,,,,,,,,,,,,,,,,,,,,,,,,,,,,,,,
1556567480000,,,,,,,,,,,,,,,,,,,,,,,,,,,,,,,,,,,,,,,,,,,,,,,,,,,,,,,,,,,,,,,,,,,,,
1556619730000,,,,,,,,,,,,,,,,,,,,,,,,,,,,,,,,,,,,,,,,,,,,,,,,,,,,,,,,,,,,,,,,,,,,,
1556672310000,,,,,,,,,,,,,,,,,,,,,,,,,,,,,,,,,,,,,,,,,,,,,,,,,,,,,,,,,,,,,,,,,,,,,546.00
1556722900000,,,,,,,,,,,,,,,,,,,,,,,21.33,,,,,,,,,,,,,,,,,,,,,,,,,,,,,,,,,,,,,,,,,,,,,,20.97
1556773440000,,,,,,,,,,,,,,,,,,,,,,,,,,,,,,,,,,,,,,,,,,,,,,,,,,,,,,,,,,,,,,,,,,,,,
1556823820000,,,,,,,,,,,,,,,,,,,,,,,,,,,,,,,,,,,,,,,,,,,,,,,,,,,,,,,,,,,,,,,,,,,,,
1556873820000,,,,,,,,,,,,,,,,,,,,,,,,,,,,,,,,,,,,,,,,,,,,,,,,,,,,,,,,,,,,,,,,,,,,,
1556923830000,,,,,,,,,,,,,,,,,,,,,,,354.91,,,,9981.52,,,,,,,,,,,,,,,,,,,,,,,,,,,,,,,,,,,,,,,,,,1983.17
1556973830000,,,,,,,,,,,,,,,,,,,,,,,5382.43,,,,12481.54,,,,,,,,,,,,,,,,,,,,,,,,,,,,,,,,,,,,,,,,,,5628.01
1557023830000,,,,,,,,,,,,,,,,,,,,,,,,,,,,,,,,,,,,,,,,,,,,,,,,,,,,,,,,,,,,,,,,,,,,,
1557073970000,,,,,,,,,,,,,,,,,,,,,,,,,,,,,,,,,,,,,,,,,,,,,,,,,,,,,,,,,,,,,,,,,,,,,
1557124170000,,,,,,,,,,,,,,,,,,,,,,,,,,,,,,,,,,,,,,,,,,,,,,,,,,,,,,,,,,,,,,,,,,,,,111.93
1557174250000,,,,,,,,,,,,,,,,,,,,,,,,,,,,,,,,,,,,,,,,,,,,,,,,,,,,,,,,,,,,,,,,,,,,,
1557224340000,,,,,,,,,,,,,,,,,,,,,,,,,,,,,,,,,,,,,,,,,,,,,,,,,,,,,,,,,,,,,,,,,,,,,
1557274380000,,,,,,,,,,,,,,,,,,,,4000.00,,,1113.59,,,,16571.32,,,,,,,,,,,,,,,,,,,,,,,,,,,,,,,,,,,,,,,,,,
1557324470000,,,,,,,,,,,,,,,,,,,,6172.31,,,5488.30,,,,,,,,,,,,,,,,,,,,,,,,,,,,,,,,,,,,,,,,,,,,,,
1557374640000,,,,,,,,,,,,,,,,,,,,,,,,,,,,,,,,,,,,,,,,,,,,,,,,,,,,,,,,,,,,,,,,,,,,,
1557424740000,,,,,,,,,,,,,,,,,,,,,,,,,,,,,,,,,,,,,,,,,,,,,,,,,,,,,,,,,,,,,,,,,,,,,
1557474830000,,,,,,,,,,,,,,,,,,,,26009.49,,,408.55,,,,,,,,,,,,,,,,,,,,,,,,,,,,,,,,,,,,,,,,,,,,,,24000.00
1557525010000,,,,,,,,,,,,,,,,,,,,,,,,,,,,,,,,,,,,,,,,,,,,,,,,,,,,,,,,,,,,,,,,,,,,,
1557575130000,,,,,,,,,,,,,,,,,,,,,,,,,,,,,,,,,,,,,,,,,,,,,,,,,,,,,,,,,,,,,,,,,,,,,
1557625350000,,,,,,,,,,,,,,,,,,,,,,,,,,,,,,,,,,,,,,,,,,,,,,,,,,,,,,,,,,,,,,,,,,,,,
1557675350000,,,,,,,,,,,,,,,,,,,,,,,710.88,,,,,,,,,,,,,,,,,,,,,,,,,,,,,,,,,,,,,,,,,,,,,,
1557725370000,,,,,,,,,,,,,,,,,,,,,,,,,,,,,,,,,,,,,,,,,,,,,,,,,,,,,,,,,,,,,,,,,,,,,
1557775600000,,,,,,,,,,,,,,,,,,,,,,,,,,,,,,,,,,,,,,,,,,,,,,,,,,,,,,,,,,,,,,,,,,,,,
1557825700000,,,,,,,,,,,,,,,,,,,,,,,,,,,,,,,,,,,,,,,,,,,,,,,,,,,,,,,,,,,,,,,9202.41,,,,,,
1557875730000,,,,,,,,,,,,,,,,,,,,,,,,,,,,,,,,,,,,,,,,,,,,,,,,,,,,,,,,,,,,,,,,,,,,,
1557925740000,,,,,,,,,,,,,,,,,,,,,,,,,,,,,,,,,,,,,,,,,,,,,,,,,,,,,,,,,,,,,,,,,,,,,
1557975790000,,,,,,,,,,,,,,,,,,,,,,,,,,,,,,,,,,,,,,,,,,,,,,,,,,,,,,,,,,,,,,,,,,,,,
1558025840000,,,,,,,,,,,,,,,,,,,,,,,,,,,,,,,,,,,,,,,,,,,,,,,,,,,,,,,,,,,,,,,,,,,,,
1558075850000,,,,,,,,,,,,,,,,,,,,6573.94,,,,,,,,,,,,,,,,,,,,,,,,,,,,,,,,,,,,,,,,,,,,,,,,,
1558125870000,,,,,,,,,,,,,,,,,,,,,,,,,,,,,,,,,,,,,,,,,,,,,,,,,,,,,,,,,,,,,,,,,,,,,
1558175890000,,,,,,,,,,,,,,,,,,,,11161.33,,,1640.87,,,,,,,,,,,,,,,,,,,,,,,,,,,,,,,,,,,,,,,,,,,,,,15000.00
1558225900000,,,,,,,,,,,,,,,,,,,,11230.61,,,309.32,,,,,,,,,,,,,,,,,,,,,,,,,,,,,,,,,,,,,,,,,,,,,,
1558275910000,,,,,,,,,,,,,,,,,,,,,,,,,,,,,,,,,,,,,,,,,,,,,,,,,,,,,,,,,,,,,,,,,,,,,
1558325910000,,,,,,,,,,,,,,,,,,,,,,,,,,,,,,,,,,,,,,,,,,,,,,,,,,,,,,,,,,,,,,,,,,,,,
1558375960000,,,,,,,,,,,,,,,,,,,,,,,,,,,,,,,,,,,,,,,,,,,,,,,,,,,,,,,,,,,,,,,,,,,,,
1558426010000,,,,,,,,,,,,,,,,,,,,,,,,,,,,,,,,,,,,,,,,,,,,,,,,,,,,,,,,,,,,,,,,,,,,,
1558476020000,,,,,,,,,,,,,,,,,,,,9000.00,,,,,,,,,,,,,,,,,,,,,,,,,,,,,,,,,,,,,,,,,,,,,,,,,
1558526040000,,,,,,,,,,,,,,,,,,,,,,,264.64,,,,,,,,,,,,,,,,,,,,,,,,,,,,,,,,,,,,,,,,,,,,,,
1558576070000,,,,,,,,,,,,,,,,,,,,,,,,,,,,,,,,,,,,,,,,,,,,,,,,,,,,,,,,,,,,,,,,,,,,,
1558626180000,,,,,,,,,,,,,,,,,,,,,,,,,,,,,,,,,,,,,,,,,,,,,,,,,,,,,,,,,,,,,,,,,,,,,
1558676230000,,,,,,,,,,,,,,,,,,,,,,,,,,,,,,,,,,,,,,,,,,,,,,,,,,,,,,,,,,,,,,,,,,,,,
1558726310000,,,,,,,,,,,,,,,,,,,,10000.00,,,341.70,,,,,,,,,,,,25000.00,,,,,,,,,,,,,,,,,,,,,,,,,,,,,,,,,,8257.00
1558776410000,,,,,,,,,,,,,,,,,,,,16113.37,,,,,,,,,,,,,,,,,,,,,,,,,,,,,,,,,,,,,,,,,,,,,,,,,
1558826850000,,,,,,,,,,,,,,,,,,,,32400.23,,101056.96,347.27,,,,72605.44,,,,,,,,,,,,,,,,,,,,,,,,,,,,,,,,,,,,,,,,,,
1558877250000,,,,,,,,,,,,,,,,,,,,,,,,,,,,,,,,,,,,,,,,,,,,,,,,,,,,,,,,,,,,,,,,,,,,,
1558927610000,,,,,,,,,,,,,,,,,,,,,,,,,,,,,,,,,,,,,,,,,,,,,,,,,,,,,,,,,,,,,,,,,,,,,
1558978160000,,,,,,,,,,,,,,,,,,,,,,,,,,,,,,,,,,,,,,,,,,,,,,,,,,,,,,,,,,,,,,,,,,,,,
1559028720000,,,,,,,,,,,,,,,,,,,,,,,,,,,,,,,,,,,,,,,,,,,,,,,,,,,,,,,,,,,,,,,,,,,,,
1559079100000,,,,,,,,,,,,,,,,,,,,,,,,,,,,,,,,,,,,,,,,,,,,,,,,,,,,,,,,,,,,,,,,,,,,,
1559129590000,,,,,,,,,,,,,,,,,,,,,,,,,,,,,,,,,,,,,,,,,,,,,,,,,,,,,,,,,,,,,,,,,,,,,
1559180040000,,,,,,,,,,,,,,,,,,,,,,,1745.23,,,,,,,,,,,,,,,,,,,,,,,,,,,,,,,,,,,,,,,,,,,,,,5.00
1559230520000,,,,,,,,,,,,,,,,,,,,,,,,,,,,,,,,,,,,,,,,,,,,,,,,,,,,,,,,,,,,,,,,,,,,,
1559280990000,,,,,,,,,,,,,,,,,,,,7722.32,,,,,,,,,,,,,,,,,,,,,,,,,,,,,,,,,,,,,,,,,,,,,,,,,6348.50
1559331250000,,,,,,,,,,,,,,,,,,,,,,,,,,,,,,,,,,,,,,,,,,,,,,,,,,,,,,,,,,,,,,,,,,,,,
1559381260000,,,,,,,,,,,,,,,,,,,,,,,,,,,,,,,,,,,,,,,,,,,,,,,,,,,,,,,,,,,,,,,,,,,,,
1559431260000,,,,,,,,,,,,,,,,,,,,,,,,,,,,,,,,,,,,,,,,,,,,,,,,,,,,,,,,,,,,,,,,,,,,,9688.24
1559481300000,,,,,,,,,,,,,,,,,,,,,,,,,,,,,,,,,,,,,,,,,,,,,,,,,,,,,,,,,,,,,,,,,,,,,
1559531310000,,,,,,,,,,,,,,,,,,,40044.13,10000.00,,,,,,,,,,,,,,,,,,,,,,,,,,,,,,,,,,,,,,,,,,,,,,,20000.00,,
1559581430000,,,,,,,,,,,,,,,,,,,,,,,,,,,,,,,,,,,,,,,,,,,,,,,,,,,,,,,3154.89,,,,,,,,,,,,,,
1559631500000,,,,,,,,,,,,,,,,,,,,,,,,,,,,,,,,,,,,,,,,,,,,,,,,,,,,,,,,,,,,,,,,,,,,,
1559681580000,,,,,,,,,,,,,,,,,,,,,,26951.79,,,,,30000.00,,,,,,,,,,,,,,,,,,,,,,,,,,,,,,,,,,,,,,,,,,
1559731730000,,,,,,,,,,,,,,,,,,,,,,,,,,,,,,,,,,,,,,,,,,,,,,,,,,,,,,,,,,,,,,,,,,,,,
1559781730000,,,,,,,,8500.00,,,,,,,,,,,,,,,,,,,,,,,,,,,,,,,,,,,,,,,,,,,,,,,,,,,,,,,,,,,,,
1559831810000,,,,,,,,2963.00,,,,,,,,,,,40353.47,,,,,,,,,,,,,,,,3000.00,,,,,,,,,,,,,,,,,,,,,,,,,,,,,,,,20000.00,,
1559881820000,,,,,,,,,,,,,,,,,,,,,,15408.51,,,,,20000.00,,,,,,,,,,,,,,,,,,,,,,,,,,,,,,,,,,,,,,,,,,
1559931830000,,,,,,,,,,,,,,,,,,,,,,,,,,,,,,,,,,,,,,,,,,,,,,,,,,,,,,,,,,,,,,,,,,,,,
1559981830000,,,,,,,,,,,,,,,,,,,,,,,751.08,,,,,,,,,,,,,,,,,,,,,,,,,,,,,,,,,,,,,,,,,,,,,,
1560031850000,,,,,,,,,,,,,,,,,,,,,,,,,,,,,,,,,,,4000.00,,,,,,,,,,,,,,,,,,,,,,,,,,,,,,,,,,
1560081850000,,,,,,,,,,,,,,,,,,,65003.52,,,,4218.57,,,,123914.04,,,,,,,,,,,,,,,,,,,,,,,,,,,,,,,,,,,,,,,,,,
1560131850000,,,,,,,,,,,,,,,,,,,,,,,,,,,,,,,,,,,,,,,,,,,,,,,,,,,,,,,,,,,,,,,,,,,,,
1560182020000,,,,,,,,,,,,,,,,,,,,,,,,,,,,,,,,,,,,,,,,,,,,,,,,,,,,,,,,,,,,,,,,,,,,,19453.04
1560232030000,,,,,,,,,,,,,,,,,,,,,,8434.80,,,,,10000.00,,,,,,,,,,,,,,,,,,,,,,,,,,,,,,,,,,,,,,,,,,2097.20
1560282090000,,,,,,,,,,,,,,,,,,,,,,,,,,,,,,,,,,,,,,,,,,,,,,,,,,,,,,,,,,,,,,,,,,,,,
1560332150000,,,,,,,,,,,,,,,,,,,,,,,,,,,,,,,,,,,,,,,,,,,,,,,,,,,,,,,,,,,,,,,,,,,,,
1560382150000,,,,,,,,,,,,,,,,,,,,,,,,,,,,,,,,,,,,,,,,,,,,,,,,,,,,,,,,,,,,,,,,,,,,,
1560432230000,,,,,,,,,,,,,,,,,,,,,,,,,,,,,,,,,,,,,,,,,,,,,,,,,,,,,,,,,,,,,,,,,,,,,
1560482290000,,,,,,,,,,,,,,,,,,,,,,,17710.64,,,,,,,,,,,,,,,,,,,,,,,,,,,,,,,,,,,,,,,,,,,,,,
1560532330000,,,,,,,,,,,,,,,,,,,,16725.84,,,,,,,,,,,,,,,,,,,,,,,,,,,,,,,,,,,,,,,,,,,,,,,,,
1560582350000,,,,,,,,,,,,,,,,,,,,,,,4917.90,,,,,,,,,,,,,,,,,,,,,,,,,,,,,,,,,,,,,,,,,,,,,,
1560632390000,,,,,,,,,,,,,,,,,,,,10143.32,,,,,,,,,,,,,,,,,,,,,,,,,,,,,,,,,,,,,,,,,,,,,,,,,
1560682430000,,,,,,,,,,,,,,,,,,,,,,,,,,,,,,,,,,,,,,,,,,,,,,,,,,,,,,,,,,,,,,,,,,,,,204.33
1560732430000,,,,,,,,,,,,,,,,,,,,40000.00,,44721.85,,,,,,,,,,,,,,,,,,,,,,,,,,,,,,,,,,,,,,,,,,,,,,,
1560782500000,,,,,,,,,,,,,,,,,,,,,,,,,,,,,,,,,,,,,,,,,,,,,,,,,,,,,,,,,,,,,,,,,,,,,
1560832570000,,,,,,,,,,,,,,,,,,,,,,,,,,,,,,,,,,,,,,,,,,,,,,,,,,,,,,,,,,,,,,,,,,,,,1000.00
1560882700000,,,,,,,,,,,,,,,,,,,,,,,863.23,,,,,,,,9857.35,,,,,,,,,,,,,,,,,,,,,,,,,,,,,,,,,,,,,,
1560932960000,,,,,,,,,,,,,,,,,,,,,,,52.55,,,,,,,,,,,,,,,,,,,,,,,,,,,,,,,,,,,,,,,,,,,,,,
1560982960000,,,,,,,,,,,,,,,,,,,,,,,,,,,,,,,,,,,,,,,,,,,,,,,,,,,,,,,,,,,,,,,,,,,,,
1561033500000,,,,,,,,,,,,,,,,,,,,,,,,,,,,,,,,,,,,,,,,,,,,,,,,,,,,,,,,,,,,,,,,,,,,,1035.59
1561083710000,,,,,,,,,,,,,,,,,,,,,,,52.54,,,,,,,,19750.70,,,,,,,,,,,,,,,,,,,,,,,,,,,,26917.90,,,,,,,,,,
1561134190000,,,,,,,,,,,,,,,,,,,,,,,,,,,,,,,5533.73,,,,,,,,,,,,,,,,,,,,,,,,,,,,,,,,,,,,,,
1561184330000,,,,,,,,,,,,,,,,,,,,,,,,,,,,,,,1852.04,,,,,,,,,,,,,,,,,,,,,,,,,,,,,,,,,,,,,,
1561234480000,,,,,,,,,,,,,,,,,,,,,,,12749.75,,,,,,,,31780.76,,,,,,,,,,,,,,,,,,,,,,,,,,,,19336.00,,,,,,,,,,11121.03
1561284710000,,,,,,,,,,,,,,,,,,,,,,,,,,,,,,,,,,,,,,,,,,,,,,,,,,,,,,,,,,,,,,,,,,,,,
1561334740000,,,,,,,,,,,,,,,,,,,,,,,,,,,,,,,,,,,,,,,,,,,,,,,,,,,,,,,,,,,,,,,,,,,,,
1561385550000,,,,,,,,,,,,,,,,,,,,,,,,,,,,,,,24966.26,,,,,,,,,,,,,,,,,,,,,,,,,,,,,,,,,,,,,,7.86
1561435970000,,,,,,25943.29,,,,,,,,,,,,,,,,,,,,,,,,,20151.21,,,,,,,,,,,,,,,,,,,,,,,,,,,,,,,,,,,,,,
1561486560000,,,,,,,,,,,,,,,,,,,,,,,,,,,,,,,31876.54,,,,,,,,,,,,,,,,,,,,,,,,,,,,,,,,,,,,,,
1561537900000,,,,,,,,,,,,,,,,,,,,,,,,,,,,,,,4270.78,,,,,,,,,,,,,,,,,,,,,,,,,,,,,,,,,,,,,,
1561588010000,,,,,,,,,,,,,,,,,,,,,,,,,,,,,,,12999.51,,,,,,,,,,,,,,,,,,,,,,,,,,,,,,,,,,,,,,
1561639300000,,,,,,,,,,,,,,,,,,,,,,,,,,,,,,,6395.90,,,,,,,,,,,,,,,,,,,,,,,,,,,,,,,,,,,,,,
1561689730000,,,,,,,,,,,,,,,,,,,,,,,,,,,,,,,8411.94,,,,,,,,,,,,,,,,,,,,,,,7321.60,,,,,,,,,,,,,,,
1561740720000,,,,,,,,,,,,,,,,,,,,,,,,,,,,,,,3358.40,,,,,,,,,,,,,,,,,,,,,,,,,,,,,,,,,,,,,,
1561791190000,,,,,,,,,,,,,,,,,,,,,,,,,,,,,,,,,,,,,,,,,,,,,,,,,,,,,,,,,,,,,,,,,,,,,
1561841290000,,,,,,,,,,,,,,,,,,,,10000.00,,,,,,,,,,,,,,,,,,,,,,,,,,,,,,,,,,,,,,,,,,,,,,,,,12050.22
1561891600000,,,,,,,,,,,,,,,,,,,,,,,,,,,,,,,6479.12,,,,,,,,,,,,,,,,,,,,,,,,,,,,,,,,,,,,,,
1561941630000,,,,,,,,,,,,,,,,,,,,,,,,,,,,,,,,,,,,,,,,,,,,,,,,,,,,,,,,,,,,,,,,,,,,,
1561992710000,,,,,,,,,,,,,,,,,,,,,,,,,,,,,,,,,,,,,,,,,,,,,,,,,,,,,,,,,,,,,,,,,,,,,
1562043200000,,,,,,,,,,,,,,,,,,,,,,,,,,,,,,,2006.44,,,,,,,,,,,,,,,,,,,,,,,,,,,,,,,,,,,,,,
1562093660000,,,,,,,,,,,,,,,,,,,,,,,,,,,,,,,1224.58,,,,,,,,,,,,,,,,,,,,,,,,,,,,,,,,,,,,,,
1562144670000,,,,,,,,,,,,,,,,,,,,,,,,,,,,,,,,,,,,,,,,,,,,,,,,,,,,,,,,,,,,,,,,,,,,,
1562194830000,,,,,,,,,,,,,,,,,,,,,,,,,,,,,,,7790.28,,,,,,,,,,,,,,,,,,,,,,,,,,,,,,,,,,,,,,
1562246710000,,,,,,,,,,,,,,,,,,,,,,,,,,,,,,,2637.94,,,,,,,,,,,,,,,,,,,,,,,,,,,,,,,,,,,,,,
1562297370000,,,,,,,,,,,,,,,,,,,,,,,,,,,,,,,6477.11,,,,,,,,,,,,,,,,,,,,,,,,,,,,,,,,,,,,,,330.11
1562348210000,,,,,,,,,,,,,,,,,,,,,,,,,,,,,,,,,,,,,,,,,,,,,,,,,,,,,,,,,,,,,,,,,,,,,
1562398460000,,,,,,,,,,,,,,,,,,,,,,,,,,,,,,,2825.25,,,,,,,,,,,,,,,,,,,,,,,,,,,,,,,,,,,,,,
1562448600000,,,,,,,,,,,,,,,,,,,,,,,,,,,,,,,,,,,,,,,,,,,,,,,,,,,,,,,,,,,,,,,,,,,,,
1562498820000,,,,,,,,,,,,,,,,,,,,,,,,,,,,,,,,,,,,,,,,,,,,,,,,,,,,,,,,,,,,,,,,,,,,,
1562549180000,,,,,,,,,,,,,,,,,,,,,,,,,,,,,,,,,,,,,,,,,,,,,,,,,,,,,,,,,,,,,,,,,,,,,
1562600540000,,,,,,,,,,,,,,,,,,,,,,,616.35,,,,,,,,,,,,,,,,,,,,,,,,,,,,,,,,,,,,,,,,,,,,,,
1562651810000,,,,,,,,,,,,,,,,,,,,,,,,,,,,,,,,,,,,,,,,,,,,,,,,,,,,,,,,,,,,,,,,,,,,,
1562702560000,,,,,,,,,,,,,,,,,,,,,,,,,,,,,,,,,,,,,,,,,,,,,,,,,,,,,,,,,,,,,,,,,,,,,
1562754000000,,,,,,,,,,,,,,,,,,,,,,,,,,,,,,,1368.98,,,,,,,,,,,,,,,,,,,,,,,,,,,,,,,,,,,,,,
1562804280000,,,,19998.93,,,,,,,,,,,,,,,,,,,,,,,,,,,9869.48,,,,,,,,,,,,,,,,,,,,,,,,,,,,,,,,,,,,,,
1562855560000,,,,,,,,,,,,,,,,,,,,,,,,,,,,,,,,,,,,,,,,,,,,,,,,,,,,,,,,,,,,,,,,,,,,,
1562906160000,,,,,,,,,,,,,,,,,,,,,,,,,,,,,,,,,,,,,,,,,,,,,,,,,,,,,,,,,,,,,,,6954.83,,,,,,
1562956740000,,,,,,,,,,,,,,,,,,,,,,,,,,,,,,,,,,,,,,,,,,,,,,,,,,,,,,,,,,,,,,,,,,,,,
1563006920000,,,,,,,,,,,,,,,,,,,,,,,,,,,,,,,,,,,,,,,,,,,,,,,,,,,,,,,,,,,,,,,,,,,,,
1563056960000,,,,,,,,,,,,,,,,,,,,,,,,,,,,,,,,,,,,,,,,,,,,,,,,,,,,,,,,,,,,,,,,,,,,,
1563107070000,,,,,,,,,,,,,,,,,,,,,,,,,,,,,,,1066.25,,,,,,,,,,,,,,,,,,,,,,,,,,,,,,,,,,,,,,
1563157250000,,,,,,,,,,,,,,,,,,,,,,,,,,,,,,,1084.75,,,,,,,,,,,,,,,,,,,,,,,,,,,,,,,,,,,,,,
1563207360000,,,,,,,,,,,,,,,,,,,,,,,,,,,,,,,1321.95,,,,,,,,,,,,,,,,,,,,,,,,,,,,,,,,,,,,,,
1563257590000,,,,3831.23,,,,,,,,,,,,,,,,,,,,,,,,,,,3783.92,,,,,,,,,,,,,,,,,,,,,,,,,,,,,,,,,,,,,,0.20
1563307690000,,,,,,,,,,,,,,,,,,,,,,,45.36,,,,,,,,5543.63,,,,,,,,,,,,,,,,,,,,,,,,,,,,,,,,,,,,,,
1563357900000,,,,,,,,,,,,,,,,,,,,,,,,,,,,,,,4384.44,,,,,,,,,,,,,,,,,,,,,,,,,,,,,,,,,,,,,,
1563408000000,,,,,,,,,,,,,,,,,,,,,,,8442.60,,,,,,,,10505.89,,,,,,,,,,,,,,,,,,,,,,,,,,,,,,,,,,,,,,
1563458220000,,,,,,,,,,,,,,,,,,,,,,,,,,,,,,,4488.16,,,,,,,,,,,,,,,,,,,,,,,,,,,,,,,,,,,,,,
1563508350000,,,,,,,,,,,,,,,,,,,,,,,1568.81,,,,,,,,991.91,,,,,,,,,,,,,,,,,,,,,,,,,,,,,,,,,,,,,,
1563558450000,,,,,,,,,,,,,,,,,,,,,,,,,,,,,,,2201.47,,,,,,,,,,,,,,,,,,,,,,,,,,,,,,,,,,,,,,135.00
1563608510000,,,,,,,,,,,,,,,,,,,,,,,27183.85,,,,,,,,24434.78,,,,,,,,,,,,,,,,,,,,,,,,,,,,,,,,,,,,,,
1563658530000,,,,10901.07,,,,,,,,,,,,,,,,,,,2453.35,,,,,,,,551.03,,,,,,,,,,,,,,,,,,,,,,,,,,,,,,,,,,,,,,
1563708560000,,,,1023.94,,,,,,,,,,,,,,,,,,,,,,,,,,,1146.29,,,,,,,,,,,,,,,,,,,,,,,,,,,,,,,,8526.29,,,,,,
1563758640000,,,,3362.77,,,,,,,,,,,,,,,,,,,,,,,,,,,3802.43,,,,,,,,,,,,,,,,,,,,,,,,,,,,,,,,,,,,,,
1563808820000,,,,,,,,,,,,,,,,,,,,,,,46008.77,,,,,,,,49837.96,,,,,,,,,,,,,,,,,,,,,,,,,,,,,,,,,,,,,,85.00
1563859010000,,,,,,,,,,,,,,,,,,,,,,,11661.67,,,,,,,,7191.53,,,,,,,,,,,,,,,,,,,,,,,,,,,,,,,,,,,,,,
1563909090000,,,,,,,,,,,,1039.60,,,,,,,,,,,,,,,,,,,1718.79,,,,,,,,,,,,,,,,,,,,,,,,,,,,,,,,,,,,,,
1563959390000,,,,,,,,,,,,,,,,,,,,,,,,,,,,,,,,,,,,,,,,,,,,,,,,,,,,,,,,,,,,,,,,,,,,,
1564009410000,,,,,,,,,,,,,,,,,,,,,,,2050.09,,,,,,,,20247.71,,,,,,,,,,,,,,,,,,,,,,,,,,,,,,,,,,,,,,
1564059880000,,,,7615.85,,,,,,,,,,,,,,,,36475.83,,,,,,,,,,,,,,,,,,,,,,,,,,,,,,,,,,,,,,,,,,,,,,,,,25000.00
1564110080000,,,,,,,,,,,,,,,,,,,,,,,1765.65,,,,,,,,,,,,,,,,,,,,,,,,,,,,,,,,,,,,,,,,,,,,,,
1564160190000,,,,,,,,,162000.00,,,,,,,,,,,,,,,,,,,,,,39455.72,,,,,,,,,,,,,,,,,,,,,,,,,,,,,,,,121730.49,,,,,,
1564210310000,,,,,,,,,,,,,,,,,,,,,,,1498.49,,,,,,,,,,,,,,,,,,,,,,,,,,,,,,,,,,,,,,,,,,,,,,
1564260330000,,,,,,,,,,,,,,,,,,,,,,,,,,,,,,,,,,,,,,,,,,,,,,,,,,,,,,,,,,,,,,,,,,,,,
1564310410000,,,,,,,,,63057.37,,,,,,,,,,,58550.96,,,1701.76,,,,,,,,34134.67,,,,,,,,,,,,,,,,,,,,,,,,,,43641.16,,,,,,10000.00,,,,,,
1564360440000,,,,,,,,,,,,,,,,,,,,,,,1525.18,,,,,,,,3359.52,,,,,,,,,,,,,,,,,,,,,,,,,,,,,,,,,,,,,,
1564410760000,,,,,,,,,,,,,,,,,,,,,,,,,,,,,,,,,,,,,,,,,,,,,,,,,,,,,,,,,,,,,,,,,,,,,
1564461050000,,,,,,,,,,,,,,,,,,,,,,,1593.96,,,,,,,,,,,,,,,,,,,,,,,,,,,,,,,,,,,,,,,,,,,,,,
1564511170000,,,,,,,,,,,,,,,,,,,,,,,,,,,,,,,,,,,,,,,,,,,,,,,,,,,,,,,,,,,,,,,,,,,,,
1564561460000,,,,,,,,,,,,,,,,,,,,,,,1602.40,,,,,,,,1469.22,,,,,,,,,,,,,,,,,,,,,,,,,,,,,,,,,,,,,,
1564611650000,,,,,,,,,,,,,,,,,,,,,,,1606.12,,,,,,,,1079.90,,,,,,,,,,,,,,,,,,,,,,,,,,,,,,,,,,,,,,
1564662060000,,,,,,,,,,,,,,,,,,,,,,,,,,,,,,,3956.82,,,,,,,,,,,,,,,,,,,,,,,,,,,,,,,,,,,,,,
1564712320000,,,,,,,,,,,,,,,,,,,,,,,1587.58,,,,,,,,,,,,,,,,,,,,,,,,,,,,,,,,,,,,,,,,,,,,,,
1564762380000,,,,,,,,,,,,,,,,,,,,,,,,,,,,,,,6081.07,,,,,,,,,,,,,,,,,,,,,,,,,,,,,,,,,,,,,,
1564812430000,,,,,,,,,,,,,,,,,,,,,,,1501.36,,,,,,,,,,,,,,,,,,,,,,,,,,,,,,,,,,,,,,,,,,,,,,
1564862480000,,,,,,,,,,,,,,,,,,,,,,,,,,,,,,,240463.83,,,,,,,,,,,,,,,,,,,,,,,,,,,,,,,,,,1780213.48,,,,3000.00
1564912550000,,,,,,,,,,,,,,,,,,,,,,,1688.19,,,,,,,,,,,,,,,,,,,,,,,,,,,,,,,,,,,,,,,,,,,,,,2000.00
1564962570000,,,,,,,,,,,,,,,,,,,,,,,4177.42,,,,,,,,1161.94,,,,,,,,,,,,,,,,,,,,,,,,,,,,,,,,,,,,,,
1565013030000,,,,,,,,,,,,,,,,,,,,,,,,,,,,,,,5292.67,,,,,,,,,,,,,,,,,,,,,,,,,,,,,,,,,,,,,,
1565063270000,,,,,,,,,,,,,,,,,,,,,,,1489.18,,,,,,,,3213.08,,,,,,,,,,,,,,,,,,,,,,,,,,,,,,,,,,,,,,
1565113410000,,,,,,,,,,,,,,,,,,,,,,,11196.44,,,,,,,,9311.22,,,,,,,,,,,,,,,,,,,,,,,,,,,,,,,,,,,,,,6075.64
1565163850000,,,,,,,,,,,,,,,,,,,,,,,1541.07,,,,,,,,5853.51,,,,,,,,,,,,,,,,,,,,,,,,,,,,,,,,,,,,,,
1565214000000,,,,,,,,,,,,,,,,,,,,,,,1601.03,,,,,,,,4090.48,,,,,,,,,,,,,,,,,,,,,,,,,,,,,,,,,,,,,,
1565264420000,,,,,,,,,,,,,,,,,,,,,,,345.30,,,,,,,,,,,,,,,,,,,,,,,,,,,,,,,,,,,,,,,,,,,,,,
1565314610000,,,,,,,,,,,,,,,,,,,,,,,1565.35,,,,,,,,,,,,,,,,,,,,,,,,,,,,,,,,,,,,,,,,,,,,,,
