timestamp,​0x94a96F9E196a113Dec20e8bD951A0fAa21FCc7ac,​0xAD037A8E1D9B0951c9c7923A36BFdb39ae161678,​0x6D08D19Dff533050f93EaAa0a009e2771D3598bC,​0x98AE750Ef2516Ad34116392DddD341E740f0952e,​0xD2a8c747FBBaD882dA56855598ba34B4052593C6,​0x1825aD6741609E1ae6d53bD73125Bc9909Bec7f0,​0x38B8C0043ecEAf05C659e88b72dC29FE558fBc3a,​0xA14869Bf8a7E5f059372E1dB3f2D300B88910465,​0x626C3EcCFc8e7C53708Ec55D00b31b9Edfdd443a,​0x2ed17Eb491bEf86C5372d2CBfE871b1aA091eCe2,​0x36BFdb0CD1430dB61C2f2f7F550e486b9D93671a,​0xD293f479254D5F6494c66A4982C7cA514A53D7C4,​0xbE33a43be76Be149E28f31DAeF599F284E6cd8d9,​0x012345403c589A51b02Ee27BD41339f6114aac6A,​0xD844de78e7893f17bB07f376d9AcE5D5D120B6cd,​0xC1f43ffe89f7f40527eD07cf564cB2CE82441348,​0x6d27C7eb29b2E916cD2E73F9480DaCCE9e3C3a7E,​0x70153E5DFc6b3ee70F14E1E0Ca9095c95475A29C,​0xE69BCAA2764c5169Baa92C2bC1eE508aBc03b423,​0x9e6BFc899decEa09ba1d5488f6E03F7454556Df5,​0x1943C45957CD79704eF17EA8366088efA08cB86C,​0x5c6b0Ed5A9Bf57C837bB9c2a5a9090A4a7F74fD3,​0x2b8D84Cf3ae7F9266820672A7C21E16876088D11,​0xA57ac6490ed770AC950E1178d203b8c8343bd5d4,​0x7e4370d8584F5537d259F01842dB17777E51aACD,​0xb00493ef3d9c2F59701708112a1fcc61982B1B92,​0xaA76D78946B04E2305DAE43493688FbBD600e230,​0xC82B5103e2332FD8D44c6a3515Bc8255CCBAD877,​0x74AE98e57aFC3E3049282626bb176c409F466779,​0x496Aa4CDE82574Da52c197C85332EFb8756a144A,​0xe971b11834790A14f8b1D22C600650eEBE610B06,​0x4adb97331bD0B95E9a91929b122A8f7fD2670981,​0x2A75FE923683625d578a96dAf8275880d6379A4f,​0xf955e26cf94d3D4A4C45Bd6C59C906d610e3AAd6,​0xD7084BaD93B41223acb06CD433c183775F83D226,​0x206D06A7D4b2029A2531C31454AFB2543123Df78,​0x804Cb5106307C9c36D291610dea367C0aa3bA267,​0x46Bf1C951F922028Cd34356C0057ff0A60bE200C,​0xac118A12e03a107Fe4Dd2F325Ffcee3E95A12947,​0x57DE82d36d31F6A3aDFf94fF1d664A005b21dF76,​0x41B36197854F593a8f4dE1E15af1b863Db136F7e,​0x99A32F5fA18704d1f2A327E38D6096cb6F9aF960,​0x5aa41eE053fc1EacfeF6eBE89a8dC7F4A5CfFAF2,​0xdA60354bcf9ca10566a39526142aaEa75fC68186,​0x451A84E49D4576Be5dDfC08ADd98f944d41B2fAa,​0x77F6DD6c2427532dEeB68aecceFb77548AEbd9B2,​0xf21604dd2EA233fCa9BBCE4a1Db197AF2Cf542f9,​0xE89F34C20f2bCA063b0A15A8A9349eFA96Dcf758,​0x18C2385481cDf28779aC271272398dD61cc8CF3E,​0x28Fb3A62D0ac4C2fE961b657329D692C2e933b8e,​0xf3D92E6C6ac4eA75D0b0d9C938A8de8f0449BE9e,​0x3b9D3f33Bf20e752Ab16A109Ce8B6e07d7CA1b9b,​0x14Fe55c8f5F83900F280a41bA6EF31042D8808D9,​0xa52771C36332C1B7E1506754FB1BA775c1388915,​0x65c69BB43318315e4b689A97d87db4185F634eE6,​0xD778D5eF254fa4477FF90B3047FAD60236ebCDBb,​0x3d9728a6515bD7Ba997C7Ab8974f6426cbB60878,​0xA5e7EaB145622570E83722378A50b27f0A74021A,​0x2D0a03F628bbCF1fd1cF2b22238d4801E2D56B88,​0xC19cf5Dfb71374b920F786078D37b5225CFcF30E,​0x66702A6F56971F109723db11Af7A4c047263f7E2,​0x4beB509fA2e9e3605cDAf5b369f92B4Cbd3BF669,​0x2C602E3d430406757d3a43A51D439df4050A133E,​0x21316DCEf8CD555F357331a764814Ad0B1726a89,​0xA81A8c1f6388B7e8174d636309674eACb82174AD,​0x178E9069A5b17bDd2FD135fFECB756978083c510,​0xAb15A4681f9F93b00d4831f0BE3e1813AD53550D,​0x27802740f9c1b5A680f0B4dd65F8ab157E7D2491,Other
1548086260000,,,,,,,,,,,,,,,,,,,,,,,,,,,,,,,,,,,,,,,,,,,,,,,,,,,,,,,,,,,,,,,,,,,,,
1548136260000,,,,,,,,,,,,,,2596.32,,,,,,,,,,,,,,,,,,,,,,,,,,,,,,,,,,,,,,,,,,,,,,,,,,,,,,,
1548186260000,,,,,,,,,,,,,,17264.41,,,,,,,,,,,,,,,,,,,,,,,,,,,,,,,,,,,,,,,,,,,,,,,,,,,,,,,164.14
1548236260000,,,,,,,,,,,,,,1809.14,,,,,,,,,,,,,,,,,,,,,,,,,,,,,,,,,,,,,,,,,,,,,,,,,,,,,,,
1548286260000,,,,,,,,,,,,,,4123.85,,,,,,,,,,,,,,,,,,,,,,,,,,,,,,,,,,,,,,,,,,,,,,,,,,,,,,,
1548336270000,,,,,,,,,,,,,,3610.70,,,,,,,,,,,,,,,,,,,,,,,,,,,,,,,,,,,,,,,,,,,,,,,,,,,,,,,
1548386290000,,,,,,,,,,,,,,294.51,,,,,,,,,,,,,,,,,,,,,,,,,,,,700.62,,,,,,,,,,,,,,,,,,,,,,,,,,,
1548436290000,,,,,,,,,,,,,,10646.12,,,,,,,,,,,,,,,,,,,,,,,,,,,,,,,,,,,,,,,,,,,,,,,,,,,,,,,
1548486300000,,,,,,,,,,,,,,4004.33,,,,,,,,,,,,,,,,,,,,,,,,,,,,,,,,,,,,,,,,,,,,,,,,,,,,,,,6259.15
1548536310000,,,,,,,,,,,,,,13900.72,,,,,,,,,,,,,,,,,,,,,,,,,,,,,,,,,,,,,,,,,,,,,,,,,,,,,,,
1548586320000,,,,,,,,,,,,,,17216.34,,,,,,,,,,,,,,,,,,,,,,,,,,,,,,,,,,,,,,,,,,,,,,,,,,,,,,,
1548636320000,,,,,,,,,,,,,,746.65,,,,,,,,,,,,,,,,,,,,,,,,,,,,,,,,,,,,,,,,,,,,,,,,,,,,,,,
1548686340000,,,,,,,,,,,,,,29015.73,,,,,,,,,,,,,,,,,,,,,,,,,,,,,,,,,,,,,,,,,,,,,,,,,,,,,,,1004.00
1548736340000,,,,,,,,,,,,,,3082.77,,,,,,,,,,,,,,,,,,,,,,,,,,,,,,,,,,,,,,,,,,,,,,,,,,,,,,,
1548786350000,,,,,,,,,,,,,,10540.19,,,,,,,,,,,,,,,,,,,,,,,,,,,,,,,,,,,,,,,,,,,,,,,,,,,,,,,
1548836350000,,,,,,,,,,,,,,1309.95,,,,,,,,,,,,,,,,,,,,,,,,,,,,,,,,,,,,,,,,,,,,,,,,,,,,,,,
1548886370000,,,,,,,,,,,,,,11119.50,,,,,,,,,,,,,,,,,,,,,,,,,,,,,,,,,,,,,,,,,,,,,,,,,,,,,,,
1548936490000,,,,,,,,,,,,,,19513.54,,,,,,,,,,,,,,,,,,,,,,,,,,,,,,,,,,,,,,,,,,,,,,,,,,,,,,,5125.08
1548986770000,,,,,,,,,,,,,,2853.71,,,,,,,,,,,,,,,,,,,,,,,,,,,,,,,,,,,,,,,,,,,,,,,,,,,,,,,
1549037280000,,,,,,,,,,,,,,1888.84,,,,,,,,,,,,,,,,,,,,,,,,,,,,,,,,,,,,,,,,,,,,,,,,,,,,,,,
1549087950000,,,,,,,,,,,,,,13429.56,,,,,,,,,,,,,,,,,,,,,,,,,,,,,,,,,,,,,,,,,,,,,,,,,,,,,,,
1549138840000,,,,,,,,,,,,,,1223.81,,,,,,,,,,,,,,,,,,,,,,,,,,,,,,,,,,,,,,,,,,,,,,,,,,,,,,,
1549189660000,,,,,,,,,,,,,,2525.98,,,,,,,,,,,,,,,,,,,,,,,,,,,,,,,,,,,,,,,,,,,,,,,,,,,,,,,79.35
1549240810000,,,,,,,,,,,,,,4127.16,,,,,,,,,,,,,,,,,,,,,,,,,,,,,,,,,,,,,,,,,,,,,,,,,,,,,,,
1549291940000,,,,,,,,,,,,,,2423.85,,,,,,,,,,,,,,,,,,,,4097.86,,,,,,,,,,,,,,,,,,,,,,,,,,,,,,,,,,,51034.64
1549342890000,,,,,,,,,,,,649.48,,43920.57,,,,,,,,,,,,,,,,50000.00,,,,,,,,,,,,4637.00,,,,,,,,,,,,135905.82,,,,,,,,,,,,,,,81537.49
1549394020000,13717.35,,,,,,,,,,,,,20515.60,,,,,,,,,,,,6239.96,,,,,,,,,,,,,,,,,,,,,,,,,,,,,,,,,,,,,,,,,,,3786.07
1549444910000,,,,,,45413.73,,,,,,,,103923.08,,,,,,,,,,,,,,,,,,,,,,,,,,,,,,,,,670946.39,,605.27,,,,,,,,,,,,,,,,,,,,7732.23
1549496040000,,,,,,,,,,,,251.81,,108632.30,,,,,,,,,,,,,,,,,,,,,,,,,,,,,,,,,170839.13,,,,,,,,,,,,,,,,,,,,,,2223.56
1549547250000,,,,,,,,,,,,,,2662.55,,,,,,,,,,,,,,,,,,,,,,,,,,,,1048.77,,,,,,44000.00,,,,,,,,,,,,,,,,,,,,,15.83
1549598050000,,,,,,,,,,,,,,142.35,,,,,,,,,,,,,,,,,,,,,,,,,,,,,,,,,,,,,,,,,,,,,,,,,,,,,,,13779.12
1549649080000,,,,,,,,,15820.61,,,,,9068.10,,,,,,,,,,,,,,,,,,,200.00,,,,,,,,,,,,,,,,,,,,,,,,,,,,,,,,,,,,3558.88
1549700210000,,,,,,,,,,,,3342.89,,8457.45,,,,,,,,,153.98,,,,,,,,,,,,,,,,,,,,,,,,,,,,,,,,,,,,,,,,,,,,,,1555.37
1549751420000,,,,,,,,,,,,,,980.75,,,,,,,,,,,,,,,,,,,,,,,,,,,,2598.70,,,,,,,,,,,,,,,,,,,,,,,,,,,595.15
1549802370000,,,,,,,,,,,,,,519.00,,,,,,14668.23,,,,,,,,,,,,,,,,,,,,,,,,,,,,,,,,,,,,,,,,,,,,,,,,,803.07
1549853090000,,,,,,,,,,,,,,11957.46,,,,,,,,,,,,,,,,,,,,,,,,,,,,,,,,,,,,,,,,,,,,,,,,,,,,,,,110.58
1549903610000,,,,,,,,,,,,,,15524.04,,,,,,,,,,,,,,,,,,,,,,,,,,,,5.66,,,,,,,,,,,,,,,,,,,,,,,,,,,1590.00
1549954170000,,,,,,,,,,,,,,20825.27,,,,,,,,,,,,,,,,,,,,,,,,,,,,,,,,,,,,,,,,,,,,,,,,,,,,,,,30.59
1550004820000,,,,,,,,,,,,,,1892.56,,,,,,,,,,,,,,,,,,,,,,,,,,,,,,,,,,,,,,,,,,,,,,,,,,,,,,,216.18
1550055340000,,,,,,,,,,,,,,520.68,,,,,,,,,143.62,,,,,,,,,,,,,,,,,,,,,,,,,,,,,,,,,,,,,,,,,,,,,,
1550105340000,,,,,,,,,,,,,,975.23,,,,,,,,,,,,,,,,,,,,,,,,,,,,,,,,,,,,,,,,,,,,,,,,,,,,,,,4762.36
1550155340000,,,,,,,,,,,,,,6719.14,,,,,,,,,,,,,,,,,,,,,,,,,,,,,,,,,,,,,,,,,,,,,,,,,,,40000.00,,,,
1550205370000,,,,,,,,,,,,,,3130.53,,,,,,,,,1483.62,,,224.67,,,,,,,,6287.10,,,,,,,,,,,,,,,389.14,,,,,,,,,,,,,,,,,,,,0.07
1550255400000,,,,,,,,,,,,893.13,,6941.37,,,,,,,,,,,,,,,,,,,,,,,,,,,,,,,,,,,,,,,,,,,,,,,,,,,,,,,3933.02
1550305400000,,,,,,,,,,,,,,974.27,,,,,,,,,,,,,,,,,,,,,,,,,,,,,,,,,,,,,,,,,,,,,,,,,,,,,,,50.69
1550355400000,,,,,,,,,,,,20258.26,,41459.45,,,,,,,,,,,,,,,,,,,15000.00,,,,,,,,,,,,,,,,,,,,,,,,,,,,,,,,,,,,7028.70
1550405410000,,,,,,,,,,,,,,175823.97,,,,,,,,,,,,,,,,,,,19903.10,,,,,,,,,,,,,,,,,,,,,,,,,,,,,,,,,,,,829.70
1550455410000,,,,,,,,,,,,,,193667.28,,,,,,,,,,,,2390.28,,,,,,,101500.00,55638.65,,,,,,,,64.91,,,,,,70307.00,,,,,,57960.87,,,,,,,,,,,10901.42,,,43432.72,43904.65
1550505440000,,,,,,,,,,,,,,154428.16,,,,,,,,,,,,,,,,,,,20000.00,,,,,,,,,,,,,,,,,,,,,,,,,,,,,,,,,,,,7120.25
1550555450000,,,,,,1532.16,,,,,,17863.76,,5253.08,,,,,,,,,,,,1300.50,,,,,,,20000.00,,,,,,,,,,,,,,,,,,,,,,,,,,,,,,,,,,,,
1550605460000,,,,,,,,,,,,,,14488.31,,,,,,,,,9524.82,,,,,,,,,,,,,,,,,,,,,,,,,,,,,,,,,,,,,,,,,,,,,,39340.94
1550655470000,,,,,,,,,,,,,,13934.76,,,,,,,,,,,,,,,,,,,,,,,,,,,,,,,,,,,,,,,,50.00,,,,,,,,,,,,,,,11390.90
1550705480000,3761.56,,,,,,,,11362.61,,,,,3218.30,,,,,,,,,3346.89,,,,,,,,,,,,,,,,,,,,,,,,,,,,,,,,,,,,,,,,,,,,,,4286.52
1550755670000,,,,,,,,,10911.96,,,46657.49,,21613.43,,,,,,,,,,,,,,,,,,,42616.70,,,,,,,,,,,,,,,,,,,,,,,,,,,,,,,,,,,,3160.41
1550805670000,942.99,,,,,,,,2807.19,,,11081.22,40200.04,2792.56,,,,,,11795.94,,,17173.88,,,,,,,,,,62000.00,,,,,,,,,,,,,,,,,,,,,,,,,,,,,,,,,,,,2025.91
1550855710000,,,,,,,,,,,,,,16040.20,,,,,,,,,2234.85,,,,,,,,,,20000.00,,,,,,,,,,,,,,,,200.91,,,,,,,,,,,,,,,,,,,,4009.26
1550905710000,,,,,,,7500.00,,,,,,,71206.79,,,,,,,,,1109.55,,,,,,,,,,,,,,,,,,,9575.83,,,,,,,,,,,,,,,,,,,,,,,,2430.65,,,8.00
1550955710000,,,,,,,,,,,,,,80919.51,,,,,,,,,,,,,,,,,,,20000.00,,,,,,,,,5864.15,,,,,,,,,,,,,,,,,,,,,,,,1603.23,,,30226.38
1551005730000,,,,,,,,,,,,1356.24,,23410.52,,,,,,,,,,,,,,,,,,,,,,,,,,,,,19697.01,,,,,,4899.63,,,,,,,,,,,,,,,,,,,,11003.66
1551055740000,,,,,,,,,,,,,,5745.26,,,,,,,,,,,,,,,,,,,,,,,,,,,,,,,,,,,,,,,,,,,,,,,,,,,10000.00,648.54,,,
1551105740000,,,,,,,40280.00,,,,,,,42327.92,,,,,,,,,23338.06,,,,,,,,,,60000.00,,,,,,,,,,4368.79,32096.29,,,,,,,,,,,,,,,,27832.72,,,,,11641.00,,,,3225.68
1551155750000,1588.05,,,,,,13760.11,,,,,,,225623.85,,,,,,,,,8359.93,,,,,,,,,,50000.00,,27679.07,,,,,,,,,,,,,,,,,,,,,,,,,5596.90,,,,,,,,,38229.33
1551205780000,,,,,,,,,,,,,,9405.21,,,,,97555.60,,,,5065.32,91723.15,,,,,,,,,308000.00,,5706.61,,,,,,,,,,,,,,,,,,,,,,,48853.42,,,,,,,4492.62,1079.24,,,129176.54
1551255810000,,,,,,,,,,,,,,57972.38,,,,,,,,,,31143.80,,,,,,,,,103000.00,,,,,,,,,,,,,,,,,53617.24,,,,,,,,,,,,,,,28500.00,1617.00,,,117970.73
1551305810000,703.15,,,,,,,,,,,19865.80,,1534.62,,,,,,,,,,,,,,,,,,,20000.00,,,,,,,,,,,,,,,,,,,,,,,,,,,,,,,,40100.00,106.32,,,83042.18
1551355830000,,,,,,,,,,,,30.54,,58.49,,,,,,,,,,,,,,,,,,,17000.00,,,,,,,,,,,,,,,,,,63790.43,,,,,,,,,,,,,,96300.00,101.30,,,29253.69
1551405840000,,,,,,,,,,,,,,3162.96,,,,,,,,,,,,,,,,,,,,,,,,,,,,,,,,,,,,,,,,,1441.49,,,,,,,,,,200.00,,,,5882.57
1551455860000,,,,,,,,,,,,,,10957.06,,,,,,,,,,,,,,,,,,,20000.00,,,,,,,,,,,,,,26755.80,,,,,,,,,,,,,,,,,,10000.00,7142.00,,,34713.71
1551505870000,,,,,,,,,,,,2648.28,,3988.32,,,,,,,,,5000.00,,,,,,,,,,,,,,,,,,,,,,,,,,,,,,,,,,,,,,,,,,20000.00,,,,22087.51
1551555870000,,,,,24532.27,,,,,,,,,20622.83,,,,,,,,,22617.82,,,,,,,,,,,,,,,,,,,,,,,,,,,,,,,,,,,,,,,,,,40100.00,2235.00,,,412.58
1551605870000,,,,,,,,,,,,31786.40,,400363.95,,,,,,,,,76654.46,,,,,,,,,,,,,,,,,,,,,,,,,,,,,,,,,,,,,,,,,,14460.00,,,,3109.98
1551655870000,,,,,,,,,,,,,,14717.94,,,,,,,,,,,,,,,,,,,,,,,,,,,,,,,,,,,,,,,,,,,,,,,,,,,10153.00,10674.95,,,303.13
1551705890000,,,,,,,,,,,,,,5335.43,,,,,,,,,13007.06,,,,,,,,,,,,21642.64,,,,,,,,,,,,,,,,,,,,,,,,,,,,,,20870.00,7453.81,,,2656.62
1551755900000,1820.14,,,,,,,,,,,105.81,,25312.32,,,,,,,,,,,,11750.48,,,,,,,,,,,,,,,,,,,,,,,,,,,30889.16,,,,,,,417.64,,,,,20174.00,8000.00,,,4566.06
1551805900000,,,,,,,,,,,,,,6853.31,,,,,,,,,,,,,,,,,,,,,,,,,,,,,,,,,,,,,,,,,,,,,,,,,,,,10000.00,,,3627.44
1551855930000,,32822.94,,,,,,,,,,,,100217.10,,,,,,,,,,,,474.00,,,,,,,,,,,,,,,,,2128.79,,,,,,,,,,,,,,,,,,,,,,33791.87,24710.93,,,6168.06
1551905930000,,,,,,,,,,,,,,29975.51,,,,,,,,,,,,,,,,,,,,,,,,,,,,,,,,,,,,,,,,,,,,,,,,,,,20000.00,13242.63,,,16838.57
1551955930000,,20000.00,,,,36602.25,,,,,,,,2811.07,,,,,,,,,,,,,,,,,,,,,,,,,,,,,,,,,,,,,,,,,,,,,,,,,,,,,,,697.05
1552005930000,,,,,,,,,,,,29111.39,,6785.12,,,,,,,,,,,,,,,,,,,,,,,,,,3579.70,,,,,,,,,,,,,,,,,,,,,,,,,10181.84,15174.52,,,1332.62
1552055930000,,11500.00,,,,,,,,,,,,7706.25,,,,,,,,,,,,,,,,,,,,,,,,,,,,,,,,,,,,,,,,,,,,,,,,,,,,33671.51,,,3091.76
1552105930000,,15511.32,,,5002.49,,,,,,,,,4743.96,,,,,,,,,,,,,,,,,,,,,,,,,,611.07,,,,,,,,,,,,,26917.50,,,,,,,,,,,,20000.00,1284.57,,9483.68,1810.72
1552155930000,,15000.00,,,,,,,,,,,,4478.11,,,,,,,,,,,,,,,,,,,,,,,,,,,,,,,,,,,,,,,,,,,,,,,,,,,,,,,9554.90
1552206030000,,8500.00,,,,,,,,,,,,6903.95,,,,,,,,,,,,,,,,,,,,,,,,,,,,,,,,,,,,,,,,,,,,,,,,,,,,5049.00,,,4901.07
1552256030000,,15000.00,,,,,,,,,,,,52851.73,,,,,,,,,,,,,,,,,,,,,,,,,,,,,,,,,,,,,,,,,,,,,,,,,,,10000.00,9702.59,,,2497.65
1552306090000,,,,,,,3420.00,,,,,,,6860.99,,,,,,,,,,,,,,,,,,,,,,,,,,,,,,,,,,,,,,,,,,,,,,,,,,,10000.00,,,,865.22
1552356240000,,55839.05,,,,,,,,,,,,359.06,,,,,,,,,,,,,,,,,,,37696.95,,,,,,,75000.00,,,1268.66,,,,4000.00,,57250.04,,34342.20,,,,,,,,,,,,,,20000.00,,,,14312.92
1552406330000,,14452.56,,,,,,,,,,,,40502.25,,,,,,,,,,,,,,,,,,,106614.69,,,,,,,,,,,,,,,,,,,,,,,,,,,,,,,,,,,,8456.79
1552456340000,,15000.00,,,,,,,,,,,,54851.69,,,,,,,,,10000.00,,,,,,,,,,30680.00,,,,,,,,,,,,,,,,,,,,,,,,,,,,,,,,,,,,2348.95
1552506350000,,,,,,,,,,,,,,44920.51,,,,,,,,,,,,,,,,,,,,,,,,,,,,,,,,,,,,,,,,,,,,,,,,,,,,,,,8337.87
1552556380000,,10000.00,,,,,,,,,,66.80,,14208.80,,,,,,,,,,,,,,,,,,,,,,,,,,,,,,4542.70,,,,,,,,,,,,,,,,,,,,,300.00,,,,3776.69
1552606400000,,,,,,,,,,,,,,38076.80,,,,,,,,,10000.00,,624.82,,,,,,,,,,,,,,,,,,,,,,,,,2787.70,,,,,,,,,,,,,,,10000.00,,,,6789.21
1552656410000,,15000.00,,,,,,,,,,,,10766.50,,,,,,,,,,,,,,,,,,,,,,,,,,,,,,,,,,,,,,,,,,,,,,,,,,,,,,,
1552706410000,,,,,9348.44,,,,,,,,,50170.78,,,,,,,,,,,7801.93,,,,,,,,,,,,,,,,,,,,,,,,,,,,22639.87,,,,,,,,,,,,,,,,842.50
1552756450000,,25000.00,,,,,,,,,,,,5606.03,,,,,,,,,,,6409.00,,,,,,,,,,,,,,,,,,,13593.95,,,,,,,,,,,,,,,,,,,,,,,,,573.33
1552806450000,,20000.00,,,,,,,,,,,,26439.16,,,,,,,,,,,,,,,,,,,,,,,,,,,,,,,,,,,,,,,,,,,,,,,,,,,,,,,2638.50
1552856450000,,,,,,,,,,,,56.24,,78158.56,,,,,,,,,,,1473.66,,,,,,,,,,,,,,,,,,,,,,,,,,,,,,,,,,,,,,,,,,,,576.80
1552906460000,,,,,,,,,,,,2788.50,,1517.24,,,,,,,,,,,5831.75,,,,,,,,,,,,,,,,,,,,,,,,,,,,,,,,,,,,,,,,,,,,1082.39
1552956460000,2049.09,,,,,,,,,,,,,14124.40,,,,,,,,,,,2070.82,,,,,,,,,,,,,,,,,,,,,,,,,,,,,,,,,,,,,,,,20000.00,,,,1250.00
1553006500000,,,,,,,,,,,,,,27918.56,,,,,,,,,,,,,,,,,,,,,,,,,,,,,,,,,,,,,,,,,,,,,,,,,,,,,,,147.79
1553056530000,,,,,,,,,,,,,,16559.53,,,,,,,,,,,,,,,,,,,13018.00,,,,,,,,,,,,,,,,,,,,,,,,,,,,,,,,,,,,14009.39
1553106550000,,10000.00,,,,,,,,,,,,24071.81,,,,,,,,,13973.04,,216.75,,,,,,,,,,,,,,,,,,,,,,,,,,,,,,,,,,,,,,,,200.00,,,,1359.02
1553156550000,,,,,,,,,,,,,,26807.31,,,,,,,,,,,,,,,,,,,,,,,,,,,,,,,,,,,,,,,,,,,,,,,,,,,,,,,4200.84
1553206550000,,,,,,,,,,,,,,171964.91,,,,,,,,,,,,,,,,,,,,,,,,,,,,45.02,,,,,,,,,,,,,,,,,,313.35,,,,,,,,,
1553256580000,,3000.00,,,,,,,,,,,,5527.48,,,,,,,,,,,,,,,,,,,19600.00,,,,,,,,,,,,,,,,,,,,,,,,,,,,,,,,,,,,584.82
1553306590000,,13197.15,,,,,,,,,,,,91118.22,,,,,,,,,,,,,,,,,,,50176.91,,,,,,,,,,2558.40,,,,,,,,,,,,,,,,,,,,,,,,,,41664.82
1553356610000,,10000.00,,,,,84000.00,,,,,,,90380.92,,,,,,,,,,,,,,,,,,,43193.41,,,,,,,,,,,,,,,,,,,,,,,,,,,,,,,,,,,,36479.48
1553406660000,,19044.33,,,,,,,,,,,,19476.21,,,17091.60,,,,,,,,,,,,,,,,39327.86,,,,,,,,,,,,,,,,,,,,,,,,,,,,,,,,,,,,10530.85
1553456670000,,,,,,,,,,,,,,81011.02,,,,,,,,,,,,,,,,,,,107400.00,,,,,,,,,,,,,,,,,,,,,,,,,,,0.00,,,,,,,,,1800.16
1553506710000,,15000.00,,,,,,,,,,,,14653.49,,,,,,,,,,,,,210000.00,,,,,,120000.00,,,,,,,,,,,,,,,,,,,356659.47,,,,,,,,,,,,,10000.00,,,,62227.61
1553556780000,2602.93,,,,,,,,,,,,,28877.15,,,,,,,,,,,865.00,,,,,,,,50000.00,,,,,,,,,,,,,,,,,,,36616.55,,,,,,,,,,,,,31071.09,,,,
1553606790000,,,,,10289.06,,,,,,,,,31085.19,,,,,,,,,,,2309.73,,8000.00,,,,,,,,,,,,,,,,,,,,,,,,,11395.29,,,,,,,,,,,,,10000.00,,,,4911.66
1553656790000,,,,,,,,,,,,,,7011.13,,,,,,,,,,,,,,,,,,,,,,,,,,,,,,2279.79,,,,,,,,,,,,,,,,,,,,,,,,,2577.67
1553706810000,,,,,,,,,,,,,17609.67,28250.33,,,,,,,,,,,,,,,,,,,,,,,,,,,,,,,,,,,,,,,,,,,,,,,,,,,,,,,3315.15
1553756820000,,,,,,,,,,,,,,12968.39,,,,,,,,,,,5020.50,200.70,,,,,,,,,,,,,,,,,,,,,,,,,,,,,,,,,,,,,,,,,,,5874.22
1553806820000,,10000.00,,,,,,,,,,,,11057.07,,,,,,,,,,,6347.58,,,,,,,,,,,,,,,,,,,,,,,,,,,,,,,,,,,,,,,,,,,,1.00
1553856850000,,,,,,,,,,,,,,7682.24,,,,,,,,,,,,,,,,,,,,,,,,,,,,,,,,,,,,,,,,,,,,,,,,,,,,,,,1933.47
1553906880000,,42331.89,,,,,,,,,,,,4830.70,,,,,,,,,,,1554.61,,,,,,,,,,,,,,,,,,428.20,82240.05,,,,,,,,,,,,,,,,,,,,,,,,,
1553956900000,,,,,,,,,,,,,,1324.06,,,,,,,,,,,400.06,,,,,,,,,,,,,,,,,,1542.12,,,,,,,,,,,,,,,,,,,,,,,,,,138.14
1554006930000,,,,,,,,,,,,,,49333.81,,,,,,,,,,,,,,,,,,,,,,,,,,,,,,,,,,,,,,,,,,,,,,,,,,,,,,,
1554056930000,,5000.00,,,,,,,,,,,,14118.46,,,,,,,,,,,8441.36,,,,,,,,15182.60,,,,,,,,,,,90985.77,,,,,,,,,,,,,,,,,,,,,60000.00,,,,2052.60
1554106960000,,,,,,,,,,,,,,4095.45,,,,,,,,,,,7000.00,,,,,,,,27600.00,,,,,,,,,,293.52,18730.72,,,,,,,,,,,,,,,,,,,,,,,,,1234.62
1554156970000,,,,,,,,,,,,,,6028.81,,,,,,,,,,,8370.00,,,,,,,,,,,,,,,,,,,,,,,,499.20,,,,,,,,,,,,,,,,,,,,2879.03
1554207040000,,,,,,,,,,,,,,5188.63,,,,,,,,,,,1440.00,,,,,,,,,,,,,,,,,,,,,,,,,,,,,,,,,,,,,,,,,,,,2585.30
1554257050000,,10000.00,,,,,,,26664.63,,,4389.39,,28338.87,,,13175.16,,,,,,,,6698.23,,,,,,,,,,,,,,,,,,,,,,,,,,,,,,,,,,,,,,,,10000.00,,,,21302.78
1554307050000,,15000.00,,,,,,,13286.43,,,5834.84,,33744.92,,,13274.24,,,,,,,,8788.77,,,,,,,,,,,,,,,,,,,,,,,,,,,,,,,,,,,,,,,,20000.00,,,,1569.03
1554357060000,,,,,,,,,,,,10492.28,,11260.51,,,23865.19,,,,,,,,26148.30,,,,,,,,,,,,,,,,,,,,,,,,,,,,,,,,,,,1639.84,,,,,10000.00,,,,2882.28
1554407070000,,,,,,,,,13427.78,,,,,17776.02,,,,,,,,,,,9453.17,,,,,,,,,,,,,,,,,,,,,,,,,,,,,,,,,,,,,,,,,,,,995.28
1554457090000,,,,,10341.54,,,,,,,,,6559.66,,,,,,,10000.00,,,,,,,,,,,,,,,,,,,,,,,,,,,,,,,,,,,,,,,,,,,,10000.00,,,,1446.32
1554507100000,2151.65,,,,,,,,,,,,,18565.27,,,,,,,,,,,,,,,,,,,,,,,,,,,,,1353.99,,,,,,,,,,,,,,,,,,,,,,,,,,618.81
1554557110000,,,,,,,,,,,,,,36874.84,,,,,,,,,,,24111.00,,,,,,,,,,,,,,,,,,,,,,,,,,,49935.29,,,,,,,,,,,,,60000.00,,,,
1554607120000,,,,,,,,,,,,,,5907.68,,,,,,,,,,,,,,,,,,,,,,,,,,,,,,,,,,,,,,,,,,,,,,,,,,,,,,,5700.30
1554657120000,,,,,,,,,,,,,,245.50,,,,,,,,,,,,,,,,,,,,,,,,,,,,,,,,,,,,,,,,,,,,,,,,,,,,,,,6319.11
1554707130000,,,,,,,,,,,,631.67,,21839.49,,,,,,,18000.00,,,,585.00,,,,,,,,,,,,,,,,,,,6018.04,,,,,,,,,,,,,,,,,,,,,,,,,3877.83
1554757150000,,,,,,,,,,,,,,11210.27,,,,,,,,,,,342.98,,,,,,,,,,,,,,,,,,,,,,,,,,630.60,,,,,,,,,,,,,,60000.00,,,,30895.70
1554807160000,,,,,,,,,,,,,,11788.46,,,,,,,,,,,,,,,,,,,,,,,,,,,,,,,,,,,,,,,,,,,,,,,,,,,40000.00,,,,858.70
1554857160000,,,,,,,,,,,,,,57346.75,,,,,,,,,,,,,,,,,,,,,,,64258.33,,,,,,,,,,,,,,,,,,,,,,,,,,,,20000.00,,,,
1554907170000,,,,,,,,,,,,,,6956.06,,,,,,,20000.00,,,,750.09,,,,,,,,,,,,,,,,,,1450.29,,,,,,,,,19033.28,,,,,,,,,,,,,,,,,2071.88
1554957180000,,,,,,,,,,,,,,6055.80,,,,,,,,,,,,,,,,,,,,,,,,,,,,,,,,,,,,,,,,,,,,,,,,,,,,,,,658.70
1555007180000,,,,,,,,,,,,,,5705.83,,,,,,,,,,,,,,,,,,,,,,,,,,,,,,,,,,,,,,,,,,,,,,1296.32,,,,,10000.00,,,,7428.09
1555057180000,,,,,,,,,,,,,,2702.18,,,,,,,,,5178.07,,,,,,,,,,,,,,,,,,,,,,,,,,,,,,,,,,,,,,,,,,,,,,5412.01
1555107180000,,,,,,,,,,,,,,3535.35,,,,,,,20000.00,,,,,,,,,,,,,,,,,,,,,,,,,,,,,,,,,,,,,,,,,13327.44,,,,,,,673.84
1555157180000,,,,,,,,,,,,,,8340.55,,,,,,,15000.00,,,,1097.77,,,,,,,,,,,,,,,,,,,,,,,,,,,12752.60,,,,,,,,,,6504.69,,,,,,,241.70
1555207180000,,,,,,,,,,,,,,11528.61,,,,,,,15000.00,,,,,,,,,,,,,,,,,,,,,,,,,,,,,,,,,,,,,,,,,2580.89,,,,,,,1900.45
1555257180000,,,,,,,,,,,,,,990.00,,,,,,,,,,,,,,,,,,,,,,,,,,,,,,,,,,,,,,,,,,,,,,,,,,,,,,,3590.03
1555307180000,,,,,9352.25,,,,,,,,,20980.00,,,,,,,,,,,,,,,,,,,,,,,,,,,,,,,,,,,,,,,,,,,,,,,,,,,,,,,159.60
1555357190000,,,,,,,,,,,,132.55,,9862.26,,,,,,,,,,,,,,,,,,,,,,,,,,,,,1387.49,,,,,,,,,,,,,,,,,,,,,,10000.00,,,,18321.35
1555407220000,,,,,,,,,,,,,,832.92,,,,,,,,,,,,,,,,,,,,,,,,,,,,,,,,,,,,,,,,,,,,,,,,6456.19,,,,,,,1289.23
1555457230000,,,,,,,,,,,,,,4144.98,,,,,,,,,,,,,,,,,,,,,,,,,,,,,,,,,,,,,,,,,,,,,,,,,,,,,,,
1555507260000,,,,,,,,,,,,,,7467.85,,,,,,,,,,,,,,,,,,,,,,,,,,,,,,,,,,,,,,,,,,,,,,,,,,,10000.00,,,,2295.13
1555557260000,,,,,,,,,,,,,,8164.60,,,,,,,,,,,,,,,,,,,,,,,,,,,,,,,,,,,,,,,,,,,,,,,,,,,,,,,2385.86
1555607260000,,,,,,,,,,,,,,5507.12,,,,,,,,,,,,,,,,,,,,,,,,,,,,,,,,,,,,,,,,,,,,,,,,,,,,,,,5527.89
1555657260000,,,,,,,,,,,,,,16362.35,,,,,,,40000.00,,,,,,,,,,,,,,,,,,,,,,,,,,,,,,,24375.63,,,,,,,,,,,,,20000.00,,,,38663.56
1555707270000,6434.54,,,,,,,,,,,2.09,,12113.59,,,,,,,10000.00,,,,1164.95,,,,,,,,,,,,,,,,,,,,,,,,,,,,,,,,,,,,,,,,20000.00,,,,17688.26
1555757290000,,,,,,,,,,,,,,140564.24,,,,,,,45000.00,,,,,,,,,,,,,,,,,,,,,,,,,,,,,,,,,,,,,1010.66,,,,,,,105000.00,,,,39291.04
1555807310000,,,,,,,,,,,,,,39547.39,,,,,,,,,,,,,,,,,,,,,,,,,,,,,,,,,,,,,,,,,,,,,,,,,,,50000.00,,,,17096.69
1555857320000,,,,,,,,,,,,,,18029.95,,,,,,,,,,,,,,,,,,,,,,,,,,,,,1213.01,,,,,,,,,5946.12,,,,,,,,,,3833.74,,,30000.00,,,,3507.45
1555907330000,,,,,,,,,,,,,,64242.64,,,,,,,,,,,,,,,,,,,,,,,,,,,,,,,,,,,,,,,,,,,,,,,,,,,50000.00,,,,41299.29
1555957540000,,,,,,,,,,,,3568.03,,20920.24,,,,,,,,,,,,,,,,,,,,,5197.12,,,,,,,,,,,,,,,,,7047.40,,,,,,,,,,,,,30000.00,,,,9073.18
1556007580000,,,,,,,,,,,,,,19602.43,,,,,,,,,,,,,,,,,,,,,,,,,,,,,,,,,,,,,,,,,,,,,,,,,,,40000.00,,,,30607.66
1556057590000,,,,,,,,,,,,,,32492.25,,,,,,,,,,,,,,,,,,,,,,,,,,,,,,,,,,,,,,,,,,,,,,,,,,,30000.00,,,,350.41
1556107640000,,,,,5886.77,,,,,,,,,30841.25,,,,,,,10000.00,,,,,,,,,,,,,,,,,,,,,,,,,,,,,,,,,,,,,,,,,,,,,,,,2213.12
1556157640000,,,,,,,,,,,,,,165612.61,,,,,,,30000.00,,,,,,,,,,,,100000.00,,,,,,,,,,,,,,,,,,,,,,,,,,,,,,,,30304.66,,50000.00,,11667.87
1556207710000,,,,,,,,,,,,,,49765.07,,,,,,,30000.00,,,,,,,,,,,,,,,,,,,,,,,,,,,,,,,13336.18,,,,,,,,,,,,,30000.00,,,,3712.75
1556257720000,,,,,,,,,,,,,,61921.94,,,,,,,8500.00,,,,,,,,,,,,30000.00,,,,,,,,,,,,,,,,,,,,,,,,,,,,,,,,,,,,1148.71
1556307780000,,,,,,,,,,,,,,12267.28,,,,,,,,,,,,,,,,,,,20000.00,,,,,,,,,,,,,,,,,,,,,,,,,,,,,,,,20000.00,,,,15660.88
1556358530000,,,,,,,,,,,,,,5396.52,,,,,,,,,,,,,,,,,,,30000.00,,,,,,,,,,,,,,,,,,,,,,,,,,,,,,,,20000.00,,,,13381.94
1556410070000,,,,,,,,,,,,,,103250.64,,,,,,,10000.00,,,,,,,,,,,,50000.00,,,,,,,,,,1831.39,,,,,,,,,,,,,,,,,,,,,,,,,,
1556462340000,,,,,,,,,,,,,,15467.08,,,,,,,10000.00,,,,,,,,,,,,20000.00,,,,,,,,,,,,,,,,,,,,,,,,,,,,,,,,,,,,1268.70
1556515050000,,,,,,,,,,,,,,19951.99,,,,,,,40000.00,,,,,,,,,,,,20000.00,,,,,,,,,,,,,,,,,,,15906.26,,,,,,,,,,,,,,,,,1850.73
1556567480000,2675.32,,,,,,,,,,,,,56494.97,,,,,,,,,,,,,,,,,,,,,,,,,,,,,,,,,,,,,,,,,,,,,,,,,,,60000.00,,,,983.94
1556619730000,,,,,,,,,,,,,,5862.59,,,,,,,,,,,,,,,,,,,,,,,,,,,,,,,,,,,,,,,,,,,,,,,,,,,,,,,13344.54
1556672310000,,,,,,,,,,,,,14252.23,6064.64,,,,,45344.69,,10000.00,,,,,,,,,,,,,,,,,,,,,,,,,,,,,,,,,,,,,,,,,6038.60,,,,,,,
1556722900000,,,,,,,,,,,,,,9573.43,,,,,,,18000.00,,,,,,,,,,,,,,,,,,,,,,,,,,,,,,,14018.95,,,,,,,,,,,,,20000.00,,,,254.14
1556773440000,,,,,,,,,,,,,,18054.59,,,,,,,20000.00,,,,,,,,,,,,,,,,,,,,,,,,,,,,,,,,,,,,,,,,,,,,,,,,2660.00
1556823820000,,,,,,,,,,,,,,15301.80,,,,,,,,,,,,,,,,,,,,,,,,,,,,,,,,,,,,,,,,,,,,,,,,,,,20000.00,,,,69.77
1556873820000,,,,,,,,,,,,,,23896.96,,,,,,,,,,,,273.32,,,,,,,,,,,,,,,,,,,,,,,,,,,,,,,,,,,,,,,,,,,
1556923830000,,,,,,,,,,,,,,6364.69,,,,,,,100000.00,,,,,,,,,,,,40000.00,,,,,,,,,,,,,,,,,,,,,,139173.67,,,,,,,,,,,,,,2581.54
1556973830000,,,,,,,,,,,,,,3270.49,,,,,,,,,,,,,,,,,,,,,,,,,,,,,1560.78,,,,,,,,,11169.91,,,,,,,,,,5398.63,,,,,20000.00,,32.24
1557023830000,,,,,10856.48,,,,,,,,,3998.24,,,,,,,17000.00,,,,,,,,,,,,,,,,,,,,,,,,,,,,,,,,,,,,,,,,,,,,,,,,188.55
1557073970000,,,,,,,,,,,,,,11364.38,,,,,,,,,,,,,,,,,,,20000.00,,,,,,,,,,,,,,,,,,,,,,,,,,,,,,,,,,,,1112.17
1557124170000,,,,,,,,,,,,1335.85,,705.51,,,,,,,,,,,,,,,,,,,,,,,,,,,,,,,,,,,,,,,,,,,,,,111.59,,,,,,,,,1498.65
1557174250000,,,,,,,,,,,,,,16268.97,,,,,,,20000.00,,,,,,,,,,,,,,,,,,,,,,,,,,,,,,,,,,,,,,,,,,,,,,,,892.44
1557224340000,,,,,,,,,,,,,,5293.80,,,,,,,10000.00,,,,,,,,,,,,,,,,,,,,,,,,,,,,,,,12957.51,,,,,,,,,,,,,,,,,3124.10
1557274380000,2574.74,,,,,,,,,,,,,3995.85,,,,,,,22000.00,,,,,,,,,,,,,,,,,,,,,,,,,,,,,,,,,,,,,,,,,4503.23,,,,,,,
1557324470000,,,,,,,,,,,,,,328.09,,,,,,,,,,,,,,,,,,,,,,,,,,,,,,,,,,,,,,7636.47,,,,,,5504.82,,,,,,,10000.00,,,,3248.55
1557374640000,,,,,,,,,,,,,,7878.34,,,,,,,,,,,,,,,,,,,,,,,,,,,,,,,,,,,,,,,,,,,,,,,,2917.71,,,10000.00,,,,10306.05
1557424740000,,,,,,,,,,,,,,4774.20,,,,,,,,,,,,,,,,,,,,,,,,,,,,,1372.48,,,,,,,,,,,,,,,,,,,,,,,,,,1172.07
1557474830000,,,,,,,,,,,,,,4774.59,,,,,,,,,,,,,,,,,,,,,,,,,,,,,,,,,,,,,,7614.10,,,,,,,,,,,,,,,,,1379.15
1557525010000,,,,,,,,,,,,,,2176.94,,,,,,,,,,,,,,,,,,,,,,,,,,,,,,,,,,,,,,,,,,,,,,,,,,,,,,,1067.48
1557575130000,,,,,,,,,,,,,,6320.45,,,,,,,10000.00,,,,,,,,,,,,,,,,,,,,,,,,,,,,,,,6933.98,,,,,,,,,,,,,,,,,
1557625350000,,,,,,,,,,,,,,1918.83,,,,,,,,,,,,,,,,,,,,,,,,,,,,,,,,,,,,,,,,,,,,,,,,,,,,,,,2510.63
1557675350000,,,,,,,,,,,,,,17853.16,,,,,,,10000.00,,,,,,,,,,,,,,,,,,,,,,,,,,,,,,,,,,,,,,,,,,,,,,,,713.01
1557725370000,,,,,,,,,,,,,,1519.96,,,,,,,10000.00,,,,,,,,,,,,,,,,,,,,,,,,,,,,,,,8330.96,,,,,,,,,,,,,,,,,
1557775600000,,,,,,,,,,,,,,4469.22,,,,,,,,,,,,,,,,,,,,,,,8307.73,,,,,,,,,,,,,,,,,,,,,952.40,,,,,,,,,,,558.03
1557825700000,,,,,,,,,,,,,,127423.57,,,,,,0.00,,,,,,,,,,,,,70000.00,,,,,,,,,,,,,,,,,,,,,,,,,,,,,,,,25694.00,,,,1116.79
1557875730000,,,,,,,,,,,,1297.84,,45049.88,,,,,,,,,,,,,,,,,,,,,2173.81,,,,,,,,,,,,,,,,,,,,,,,,,,,,,,10000.00,,,,2475.22
1557925740000,,,,,,,,,,,,,,31619.16,,,,,,,,,,,,,,,,,,,,,,,,,,,,,,,,,,,,,,10711.54,,,,,,,,,,,,,,,,,
1557975790000,,,,,,,,,,,,,,59379.24,,,,,,,19873.59,,,,,,,,,,,,,,,,,,,,,,1192.29,,,,,,,,,4402.50,,,,,,,,,,,,,,,,,257.39
1558025840000,,,,,,,,,,,,,,19524.81,,,,,,,72533.31,,,,,,,,,,,,10000.00,,,,,,,,,,,,,,,,,,,,,,,,,,,,,4431.42,,,30000.00,,,,22666.47
1558075850000,,,,,,,,,,,,,,15282.65,,,,,,,18912.09,,,,,,,,,,,,,,,,,,,,,,,,,,,,,,,,,,,,,,,,,,,,,,,,
1558125870000,,,,,,,,,,,,,,13753.18,,,,,,,20000.00,,,,,,,,,,,,,,,,,,,,,,,,,,,,,,,7519.83,,,,,,,,,,,,,,,,,3368.72
1558175890000,,,,,,,,,,,,,,1643.81,,,,,,,10000.00,,,,,,,,,,,,,,,,,,,,,,,,,,,,,,,,,,,,,,,,,3296.91,,,,,,,1895.80
1558225900000,,,,,,,,,,,,,,3157.32,,,,,,,,,,,,,,,,,,,,,,,,,,,,,,,,,,,,,,,,,,,,,,,,,,,,,,,4735.58
1558275910000,,,,,,,,,,,,,,3076.95,,,,,,,,,,,,,,,,,,,,,,,,,,,,,,,,,,,,,,,,,,,,,,,,,,,,,,,5000.00
1558325910000,,,,,,,,,,,,,,6203.61,,,,,,,20000.00,,,,,,,,,,,,,,,,,,,,,,,,,,,,,,,9545.07,,,,,,,,,,,,,,,,,399.11
1558375960000,,,,,,,,,,,,,,3577.14,,,,,,,,,,,,,,,,,,,,,,,,,,,,,,,,,,,,,,,,,,,,,,,,,,,,,,,
1558426010000,,,,,,,,,,,,,,6162.16,,,,,,,10000.00,,,,,,,,,,,,,,,,,,,,,,,,,,,,,,,,,,,,,,,,,,,,10000.00,,,,25.17
1558476020000,,,,,,,,,,,,,,20754.15,,,,,,,20000.00,,,,,,,,,,,,,,,,,,,,,,1186.38,,,,,,,,,5940.79,,,,,,,,,,,,,,,,,1546.87
1558526040000,,,,,,,,,,,,,,12051.58,,,,,,,10000.00,,,,,,,,,,,,,,,,,,,,,,,,,,,,,,,,,,,,,,,,,2656.78,,,,,,,18070.45
1558576070000,,,,,,,,,,,,,,78.75,,,,,,,,,,,,,,,,,,,,,,,,,,,,,,,,,,,,,,,,,,,,,,,,,,,,,,,
1558626180000,,,,,,,,,,,,,,3701.74,,,,,,,,,,,,,,,,,,,,,,,,5798.95,,,,,,,,,,,,,,,,,,,,,,,,,,,,,,,4220.55
1558676230000,,,,,,,,,,,,,,29996.12,,,,,,,,,,,,,,,,,,,,,,,,5708.98,,,,,,,,,,,,,,8842.22,,,,,,,,,,,,,,,,,4795.15
1558726310000,,,,,,,,,,,,,,61071.16,,,,,,,,,,,,,,,,,,,,,,,,7965.29,,,,,,,,,,,,,,,,,,,,,,,,,,,,,,,2686.31
1558776410000,,,,,,,,,,,,,,7818.03,,,,,,,10000.00,,,,,,,,,,,,,,,,,,,,,,,,,,,,,,,,,,,,,,,,,,,,,,,,394.64
1558826850000,,,,,14553.48,,,,,,,,,13033.12,,,,,,,56000.00,,,,,,,,,,,,,,,,,,,,,,,,,,,,,,,9040.07,,,,,,,,,,,,,,,,,17805.34
1558877250000,,,,,,,,,,,,,,102212.72,,,,,,,,,,,,,,,,,,,,,,,,106272.75,,,,,,,,,,,,,,,,,,,,,,,,,,,,,,,59.56
1558927610000,,,,,,,,,,,,,,138976.59,,,,,,,5000.00,,,,,,,,,,,,,,,,,101378.24,,,,,,,,,,,,,,,,,,,,,,,,,,,,,,,2520.11
1558978160000,,,,,,,,,,,,,,196476.25,,,,,,,,,,,,,,,,,,,50000.00,,,,,163782.74,,,,,,,,,,,,,,9208.43,,,,,,,,,,,,,,,,,1313.40
1559028720000,,,,,,,,,,,,,,50308.46,,,,,,,10000.00,,,,,,,,,,,,,,,,,56542.29,,,,,1272.07,,,,,,,,,2228.17,,,,,,,,,,,,,,,,,1088.12
1559079100000,,,,,,,,,,,,,,70021.41,,,,,,,40000.00,,,,,,,,,,,,,,,,,42986.91,,,,,,,,,,,,,,,,,,,,,,,,,,,,,,,10004.71
1559129590000,,,,,,,,,,,,,,1038.12,,,,,,,,,,,,,,,,,,,,,,,,,,,,,,,,,,,,,,,,,,,,,,,,,,,,,,,578.10
1559180040000,4380.67,,,,,,,,,,,,,13506.58,,,,,,,,,,,,,,,,,,,,,,,,,,,,,,,,,,,,,,,,,,,,,,,,,,,,,,,1105.10
1559230520000,,,,,,,,,,,,,,28521.89,,,,,,,,,,,,,,,,,,,,,,,,,,,,,,,,,,,,,,,,,,,,,,,,,,,,,,,87.77
1559280990000,,,,,,,,,,,,,,2785.40,,,,,,,20000.00,,,,,,,,,,,,,,,,,,,,,,,,,,,,,,,15602.33,,,,,,,,,,,,,,,,,111.00
1559331250000,,,,,,,,,,,,,,4728.67,,,,,,,,,,,,,,,,,,,,,,,,31314.32,,,,,,,,,,,,,,,,,,,,4570.93,,,,,,,,,,,
1559381260000,,,,,,,,,,,,,,47970.85,,,,,,,,,,,,,,,,,,,,,,,,26338.06,,,,,,,,,,,,,,,,,,,,,,,,,,,,,,,
1559431260000,,,,,,,,,,,,,,43996.27,,,,,,,30000.00,,,,,,,,,,,,,,1599.85,,,6775.38,,,,,,,,,,,,,,,,,,,,,,,,,,,,,,,
1559481300000,,,,,,,,,,,,,,5291.83,,,,,,,20000.00,,,,,,,,,,,,,,,,,,,,,,,,,,,,,,,9405.27,,,,,,,,,,,,,10000.00,,,,108.28
1559531310000,,,,,,,,,,,,,,12772.62,,,,,,,,,,,,,,,,,,,,,,,,,,,,,1279.92,,,,,,,,,,,,,,,,,,,,,,,,,,449.13
1559581430000,,,,,,,,,,,,,,29671.17,,,,,,,5000.00,,,,,,,,,,,,,,,,,55528.80,,,,,,,,,,,,,,,,,,,,,,,,,,,,,,,1711.02
1559631500000,,,,,,,,,,,,,,7359.63,,,,,,,,,,,,,,,,,,,,,,,,19126.71,,,,,,,,,,,,,,,,,,,,,,,,3764.10,,,,,,,
1559681580000,,,,,,,,,,,,,,4917.30,,,,,,,,,,,,,,,,,,,,,,,4734.51,7990.66,,,,,,,,,,,,,,10495.98,,,,,,,,,,,,,,,,,1221.35
1559731730000,,,,,,,,,,,,,,44831.49,,,,,,,30000.00,,,,,,,,,,,,,,,,,61660.96,,,,,,,,,,,,,,,,,,,,,,,,,,,,,,,78.77
1559781730000,2165.62,,,,,,,,,,,,,16742.33,,,,,,,,,,,,,,,,,,,,,,,,40050.80,,,,,,,,,,,,,,6480.09,,,,,,,,,,,,,,,,,4338.32
1559831810000,,,,,,,,,,,,,,47435.60,,,,,,,,,,,,,,,,,,,,,,,,95427.15,,,,,,,,,,,,,,,,,,,,,,,,,,,,,,,933.92
1559881820000,,,,,,,,,,,,,,35431.39,,,,,,,,,,,,,,,,,,,,,,,,4306.25,,,,,,,,,,,,,,,,,,,,,,,,,,,,,,,982.95
1559931830000,,,,,,,,,,,,,,25403.05,,,,,,,,,,,,,,,,,,,,,,,,32713.28,,,,,,,,,,,,,,,,,,,,,,,,,,,,,,,90.55
1559981830000,,,,,,,,,,,,,,3038.26,,,,,,,,,,,,,,,,,,,,,,,,10680.79,,,,,,,,,,,,,,,,,,,,,,,,,,,,,,,949.12
1560031850000,,,,,,,,,,,,,,23198.67,,,,,,,,,,,,,,,,,,,,,,,,15275.13,,,,,,,,,,,,,,,,,,,,,,,,,,,,,,,1188.96
1560081850000,,,,,,,,,,,,,,27065.06,,,,,,,,,,,,,,,,,,,,,,,,71938.83,,,,,,,,,,,,,,17740.32,,,,,,,,,,4231.27,,,,,,,
1560131850000,,,,,,,,,,,,,,25149.08,,,,,,,,,,,,,,,,,,,,,,,,,,,,,,,,,,,,,,,,,,,,,,,,,,,,,,,1052.43
1560182020000,,,,,,,,,,,,,,50503.56,,,,,,,,,,,,,,,,,,,,,,,,106639.49,,,,,1890.33,,,,,,,,,,,,,,,,,,,,,,,,,,342.20
1560232030000,,,,,,,,,,,,,,49414.76,,,,,,,,,,,,,,,,,,,,,,,,,,,,1075.49,,,,,,,,,,11297.40,,,,,,,,,,,,,,,,,20577.74
1560282090000,,,,,,,,,,,,,,17772.76,,,,,,,,,,,,,38000.00,,,,,,20000.00,,,,,,,,,,,,,,,,,,,,,,,,,,,,,,,,,,,,1.00
1560332150000,,,,,,,,,,,,,,135904.69,,,,,,,,,,,,,,,,,,,,,,,,142936.68,,,,,,,,,,,,,,,,,,,,,,,,,,,,,,,16571.93
1560382150000,,,,,,,,,,,,,,126370.86,,,,,,,10000.00,,,,,,,,,,,,,,,,,151622.13,,,,,,,,,,,,,,,,,,,,,,,,,,,,,,,352.26
1560432230000,,,,,,,,,,,,,,262735.14,,,,,,,,,,,,,,,,,,,,,,,,121645.11,,,,,,,,,,,,,,,,,,,,,,,,,,,,,,,213.24
1560482290000,1729.76,,,,17158.59,,,,,,,,,36871.74,,,,,,,,,,,,,,,,,,,,,,,,84335.75,,,,,,,,,,,,,,,,,,,,,,,,,,,,,,,7686.52
1560532330000,,,,,,,,,,,,,,10166.04,,,,,,,,,,,,,,,,,,,,,,,,45314.23,,,,,,,,,,,,,,23220.35,,,,,,,,,,,,,,,,,772.30
1560582350000,,,,,,,,,,,,,,9183.06,,,,,,,,,,,,,,,,,,,,,,,,30051.78,,,,,,,,,,,,,,,,,,,,,,,,8657.14,,,,,,,2926.50
1560632390000,,,,,,,,,,,,,,12820.13,,,,,,,,,,,,,,,,,,,,,,,,15056.43,,,,,,,,,,,,,,,,,,,,,,,,,,,,,,35880.29,13984.99
1560682430000,,,,,,,,,,,,,,20964.30,,,,,,,,,,,,,,,,,,,,,,,,56160.78,,,,,,,,,,,,,,98.96,,,,,,,,,,,,,,,,,6796.45
1560732430000,,,,,,,,,,,,,,11592.17,,,,,,,,,,,372.77,,,,,,,,,,,,,18677.07,,,,,1870.33,,,,,,,,,12351.98,,,,,,,,,,,,,,,,,563.63
1560782500000,,,,,,,,,,,,,20067.52,28527.52,,,,,,,40000.00,,,,,,,,,,,,,,,,,98518.41,,,,,,,,,,,,,,,,,,,,,,,,,,,,,,,264.50
1560832570000,,,,,,,,,,,,,,164518.99,,,,,,31624.06,,,,,,,,,,,,,,,,,,168056.15,,,,,,,,,,,,,,,,,,,,,,,,,,,,,,,15416.87
1560882700000,,,,,,,,,,,,,,40076.27,,,,,,,,,,,,,,,,,,,,,,,,50149.18,,,,,,,,,,,,,,,,,,,,,,,,,,,,,,,865.83
1560932960000,,,,,,,,,,,,,,50170.70,,,,,,,,,,,,,,,,,,,,,,,,,,,,,,,,,,,,,,14667.00,,,,,,,,,,,,,,,,,17918.53
1560982960000,,,,,,,,,,,,,,164035.97,,,,,,,100000.00,,,,,,,,,,,,59624.94,,,,,43566.64,,,,,,,,,,,,,,,,,,,,,,,,,,,,,,,4891.08
1561033500000,,,,,,,,,,,,,,317274.60,,,,,,,,,,,,,,,,,,,44878.85,,,,,152310.99,,,,,,,,,,,,,,,,,,,,,,,,,,,,,,,6281.72
1561083710000,,,,,9321.89,,,,,,,,,64545.08,,,,,,,,,1383.47,,,,,,,,,,,,,,,61964.53,,,,,,,,,,,,,,9713.27,,,,,,,,,,,,,,,,,162.38
1561134190000,,,,,,,,,,,,,,89033.52,,,,,,,,,,,,,,,,,,,141956.57,,,,,187087.60,,,,,,,,,,,,,,,,,,,,,,,,,,,,,,,9884.65
1561184330000,,,,,,,,,,,,,,129711.98,,,,,,,20000.00,,,,,,,,,,,,36460.00,,,,,24547.48,,,,,2189.95,,,,,,,,,10882.97,,,,,,,,,,,,,,,,,
1561234480000,,,,,,,,,,,,12540.71,,190260.71,,,,,,,63000.00,,,,,,,,,,,,,,,,,130616.81,,,,,,,,,,,3621.02,,,,,,,,,,,12788.11,,,,,,,64990.00,2608.27,9789.60
1561284710000,,,,,,,,,,,,,,58541.09,,,,,,,,,,,,,,,,,,,,,,,6751.33,56554.82,,,,,,,,,,,,,,8202.93,,,,,,,,,,,,,,,,,2349.02
1561334740000,,,,,,,,,,,,,10389.54,26625.75,,,,,,,,,,,,,,,,,,,10000.00,,,,,22285.90,,,,,,,,,,,,,,,,,,,,,,,,,,,,,,,1292.56
1561385550000,,,,,,,,,,,,,,55984.17,,,,,,,,,,,,,,,,,,,,,,,,52425.72,,,,,,,,,,,,,,,,,,,,,,,,,,,,,,,
1561435970000,,,,,,,,,,,,,,75326.37,,,,,,,,,,,,,,,,,,,,,,,,91646.36,,,,,,,,,,,,,,13667.09,,,,,,,,,,,,,,,,,
1561486560000,,,,,,,,,,,,,,30404.73,,,,,,,,,,,,,,,,,,,,,,,,235846.60,,,,,,,,,,,,,,,,,,,,,,,,,,,,,,,
1561537900000,,,,,,,,,,,,,,87337.19,,,,,,,20000.00,,,,,,,,,,,,,,,,,99238.18,,,,,,,,,,,,,,,,,,,,,,,,,,,,,40000.00,,6244.60
1561588010000,,,,,,,,,,,,,,14788.30,,,,,,,,,,,,,,,,,,,,,,,,214646.38,,,,,,,,,,,,,,8313.87,,,,,,,,,,,,,,,,,
1561639300000,,,,,,,,,,,,,,11829.52,,,,,,,,,,,,,,,,,,,,,,,,158486.49,,,,,,,,,,,,,,,,,,,,,,,,,,,,,,,
1561689730000,,,,,,,,,,,,,,63898.89,,,,,,,,,,,,,,,,,,,50000.00,,,,,197792.42,,,,,,,,,,,,,,9924.35,,,,,,,,,,,,,,,,,1056.58
1561740720000,,,,,,,,,,,,,,68314.50,,,,,,,,,,,,,,,,,,,97946.20,,,,,90260.14,,,,,,,,,,,,,,,,,,,,,,,,,,,,,,,
1561791190000,,,,,,,,,,,,,,18825.68,,,,,,,,,,,,,,,,,,,10000.00,,,,,20993.84,,,,,2520.03,,,,,,,,,8299.87,,,,,,,,,,,,,,,,,3781.83
1561841290000,,,,,10054.98,,,,,,,,,15959.74,,,,,,,,,,,80.00,,,,,,,,6328.39,,,,,,,,,,,,,,,,,,,10105.65,,,,,,,,,,,,,,,,,
1561891600000,,,,,,,,,,,,,,77106.26,,,,,,,,,,,,,,,,,,,10000.00,,,,,70151.19,,,,,,,,,,,,,,,,,,,,,,,,,,,,,,,461.94
1561941630000,,,,,,,,,,,,,,6782.90,,,,,,,,,,,52.60,,,,,,,,10000.00,,,,,121624.07,,,,,,,,,,,,,,,,,,,,,,,,,,,,,,,960.28
1561992710000,,,,,,,,,,,,,,18032.39,,,,,,,,,,,,,,,,,,,,,,,,94544.38,,,,,,,,,,,,,,9347.94,,,,,,,,,,,,,,,,,
1562043200000,785.01,,,,,,,,,,,,,6298.27,,,,,,,,,,,,,,,,,,,,,,,,,,,,,,,,,,,,,,,,,,,,,,,,,,,,,,,3319.59
1562093660000,,,,,,,,,,,,,,43951.36,,,,,,,,,,,,,,,,,,,,,,,,37325.05,,,,,,,,,,,,,,,,,,,,,,,,,,,,,,,
1562144670000,,,,,,,,,,,,,,35116.42,,,,,,,30000.00,,,,,,,,,,,,,,,,,6482.86,,,,,,,,,,,,,,9506.43,,,,,,,,,,,,,,,,,
1562194830000,,,,,,,,,,,,,,62682.90,,,,,,,10000.00,,,,,,,,,,,,,,,,,69770.92,,,,8713.45,,,,,,,,,,,,,,,,,,,,,,,,,,,20472.31
1562246710000,,,,,,,,,,,,,,13128.70,,,,,,,10000.00,,,,,,,,,,,,,,,,,4668.03,,,,,,,,,,,,,,,,,,,,,,,,,,,,,,,259.47
1562297370000,,,,,,,,,,,,,,26616.88,,,,,,,,,,,,,,,,,,,,,,,,38370.18,,,,,,,,,,,,,,9058.11,,,,,,,,329.12,,,,,,,,,912.02
1562348210000,,,,,,,,,,,,,,5595.05,,,,,,,,,,,,,,,,,,,,,,,,88388.48,,,,,,,,,,,,,,,,,,,,,,,,,,,,,,,60.93
1562398460000,,,,,,,,,,,,,,66822.01,,,,,,,,,,,,,,,,,,,,,,,,78880.92,,,,,,,,,,,,,,10857.15,,,,,,,,,,,,,,,,,2142.79
1562448600000,,,,,,,,,,,,,,14015.23,,,,,,,,,,,,,,,,,,,10000.00,,,,,,,,,,1982.55,,,,,,,,,,,,,,,,,,,,,,,,,,1259.00
1562498820000,,,,,,,,,,,,,,3195.11,,,,,,,,,,,,,,,,,,,,,,,,19042.87,,,,,,,,,,,,,,,,,,,,,,,,,,,,,,,1235.84
1562549180000,,,8.19,,,,,,,,,,,16129.38,,,,,,,10000.00,,,,,,,,,,,,,,,,,,,,,,,,,,,,,,,,,,,,,,,,,,,,,,,,10096.64
1562600540000,,,,,,,,,,,,,,640.87,,,,,,,,,,,,,,,,,,,,,,,,24484.47,,,,,,,,,,,,,,,,,,,,,,,,,,,,,,,1406.64
1562651810000,,,,,,,,,,,,,,109553.70,,,,,,,,,,,,,,,,,,,,,,,,,,,,,,,,,,,,,,,,,,,,,,,,,,,,,,,194.09
1562702560000,,,,,,,,,,,,,,2866.22,,,,,,,,,,,,,,,,,,,10000.00,,,,,39764.08,,,,10644.88,,,,,,,,,,,,,,,,,,,,,,,,,36500.00,,579.45
1562754000000,,,,,,,,,,,,,,31872.59,,,,,,,,,,,,,,,,,,,,,,,,21343.27,,,,,,,,,,,,,,12718.83,,,,,,,,,,,,,,,,,1388.97
1562804280000,,,,,,,,,,,,,,53303.11,,,,,,,30000.00,,,,,5489.08,,,,,,,,,,,,67162.74,,,,,,,,,,,,,,,,,,,,,,,,,,,25000.00,,,,2433.82
1562855560000,,,340.14,,,,,,,,,,,22648.82,,,,,,,20000.00,,,,,,,,,,,,10000.00,,,,,46802.16,,,,,,,,,,,,,,,,,,,,,,,,,,,27977.00,,,,1471.07
1562906160000,,,,,12334.31,,,,,,,,,102062.86,,,,,,,20000.00,,,,,,,,,,,,,,,,,24754.22,,,,,,,,,,,,,,,,,,,,,,,,,,,48900.00,,,,3657.88
1562956740000,,,,,,,,,,,,,,169127.52,,,,,,,,,,,,,,,,,,,,,,,,46909.24,,,,,,,,,,,,,,14097.50,,,,,,,,,,,,,22900.00,,,,4002.75
1563006920000,,,,,,,,,,,,,,115399.54,,,,,,,40000.00,,,,,,,,,,,,,,,,,12707.19,,,,,,,,,,,,,,,,,,,,,,,,,,,49445.07,,,,1096.18
1563056960000,,,,,,,,,,,,,,70724.10,,,,,,,30000.00,,,,,,,,,,,,30000.00,,,,,60285.27,,,,,3052.75,,,,,,,,,,,,,,,,,,,,,,20000.00,,,,2206.80
1563107070000,,,,,,,,,,,,,,19083.54,,,,,,,10000.00,,,,,,,,,,,,,,,,,70763.11,,,,,,,,,,,,,,,,,,,,,,,,,,,,,,,132.67
1563157250000,,,,,,,,,,,,,,116870.33,,,,,,,,,,,,,,,,,,,,,,,,80933.30,,,,63.00,,,,,,,,,,,,,,,,,,,,,,,,,,,3461.91
1563207360000,,,,,,,,,,,,,,50647.56,,,,,,,,,,,,22796.06,,,,,,,,,,,,213543.75,,,,,,,,,,,,,,22228.85,,,,,,,,,,,,,,,,,6712.66
1563257590000,,,3004.97,,,,,,,,,,,84192.43,,,,,,,60000.00,,,,,6061.43,,,,,,,,,,,,61152.43,,,,,,,,,,,,,,10740.68,,,,,,,,,,,,,,,,,7113.00
1563307690000,,,,,,,,,,,,,,171729.97,,,,,,,,,,,,,,,,,,,,,,2246.46,,282312.78,,,,,,,,,,,,,,,,,,,,,,,,,,,23297.36,,,,112.72
1563357900000,,,,,,,,,,,,,,53580.80,,,,,,,,,,,,,,,,,,,,,,,,229029.13,,,,,,,,,,,,,,,,,,,,,,,,,,,,,,,104.93
1563408000000,,,,,,,,,,,,,,212977.47,,,,,,,240000.00,,,,,,,93086.31,125000.00,,,,,,,,,102525.55,,,,,,,,,,,,,,,7241.02,,,,,,,,,,,,,,,,153037.03
1563458220000,,,,5249.63,,,,,,,,,,352434.97,48543.82,,,80364.61,,,20000.00,,,,,,,,2106.78,,11522.75,54892.84,,,,,,893601.68,,,,,,,,300000.00,,,,,,,,,,48871.37,,,,,,,,,,,,,158550.98
1563508350000,,,752.48,267775.02,,,,,,54278.80,,,,356169.70,,,,,,,350000.00,,,,,,,,,,,,680000.00,,,,,313265.42,134342.59,,425536.47,,,,,,,,,,,18605.56,,,,,,,,,,,,40105.28,,,,,135908.90
1563558450000,,,2758.82,89685.97,,,,,,,,,,153040.34,,,,,,,20000.00,,,,,,,,,,,,,,,49000.00,,311842.30,,,,,,,,,,,,,,,,,,,,,112887.37,,,,,5015.04,,,90000.00,,56501.87
1563608510000,,,3397.63,9698.95,,,,,,,,,,75649.12,,,,,,,20000.00,,,,,,,,,,,,,,,110000.00,,138391.84,,,,,,,88997.10,,,,,,,,,,,,,,,,,,,,,,60000.00,,164556.37
1563658530000,,,13896.54,14740.32,,,,,,1010.03,138246.13,,,88006.32,,,,,,,20000.00,,,,,,,,,,,,,,,,,155302.02,,,,,,,,,,,,,,,,,,,,,,,16737.76,,,,,,140000.00,,64519.80
1563708560000,,,9783.77,4931.07,,,,,,,,,,104385.70,,,,,,17528.84,20000.00,,,,,,,,,,,,,,,,,134316.53,,,,,5268.75,,,,,,,,,,,,,,,,,,,,,,20000.00,,,,23698.49
1563758640000,,,311.19,,,,,,,,,,,246093.64,,,,,,,,,,,,,,,,,,,,,,,,298284.03,,,,,,,,,,,,,,,,,,,,,,,,,200399.94,,,,160000.00,,22146.85
1563808820000,,,2454.53,11842.00,,,,,,,,,,143469.41,,,,,,,,,,,,,,,,,,,,,,,,139962.85,4599.06,,,,,,,,,,,,,,,,,,,,,,46147.21,,,,,,,,59401.18
1563859010000,,,,8676.20,,,,,,,,,,99034.80,,,,,,,40000.00,,,,,,,,,,100000.00,,,,,,,167977.99,,,,,,,8445.16,,,,,,,,,,,,,,,,,,,1003.01,,,,,44410.67
1563909090000,,,684.35,,,,,,,,,,,33706.02,,,,,,,,,,,,,,,,,,,,,,,,38743.90,,,,,,,,,,,,,,,,,,,,,5363.99,,,,,,,,,,38924.79
1563959390000,,,,,,,,,,,,,,29719.69,,,,,,,30000.00,,,,,,,,,,,,,,,10000.00,,,3049.35,,,,,,,,,,,,,,,,,,70131.25,,,,,,,,20000.00,,30000.00,,24032.08
1564009410000,,,7475.60,5560.20,,,,,,,,,,132976.05,,,,,,,20000.00,,,,,,,,,,,,,,,,,8395.54,,,,,,,,,,,,,,,2481.75,,,,,,,,,,,,,,125000.00,,45472.65
1564059880000,,,2421.68,,,,,,,,,,,19504.88,,,,,,,10000.00,,,,,,,,,,,,,,,30000.00,,,,,,,,,,,,,,,,,,,,,200.65,,,,,,,,,,,,17043.28
1564110080000,,,,,,,,,,,,,,27463.84,,,,,,,,,,,,,,,,,,,,,,,,110460.05,,,,,,,,,,,,,,,,,,,,,,,57446.15,,,1003.01,,,,,25955.97
1564160190000,,,1064.13,,,,,,,,,,,22621.67,4965.59,,,,,,,,,,,,,,,,,,,,,,,13264.26,,,,,,,,,,,,,,,,,,,,,,,,,,,20000.00,,,,41438.97
1564210310000,,,,6472.76,,,,,,,,11996.70,,18583.35,,,,,,,,,,,,,,,,,,,,,,,,42020.89,4321.77,,,,,,,,,,,,,,,,,,,,,,,,,,,,,,13574.65
1564260330000,,,,,,,,,,,,,,11896.75,,,,,,,,,,,,,,,,,,,,,,,,49243.49,,,,,,,,,,,,,,,,,,,,,,,,,,,,,,,41466.40
1564310410000,,,,,,,,,,,,2411.63,,51556.06,,,,,,,,,,,,,,,,,,,,,,,,59127.76,,,,,,,,,,,,,,,,,,,,,,,,,,,,,,,12316.85
1564360440000,,,,7375.24,,,,,,887.41,,,,117269.80,,,,,,,40000.00,,,,,,,,,,,,,,,,,95075.86,,,,,,,,,,,,,,,,,,,,,,,,,,1003.01,,,,,40539.00
1564410760000,,,,1827.61,,,,,,,,,,83386.12,,,,,,,,,,,,,,,,,,,,,,15000.00,,67175.03,,,,,,,,,,,,,,,,,,,,,,,,,,,60000.00,,,,11519.43
1564461050000,,,,3748.36,,,,,,,,,,25723.18,,,,,,,100000.00,,,,,,,,,,,,,,,,,,3598.67,,,,,,,,,,,,,,,,,,654.60,,7378.33,,,,,,,,,,69310.23
1564511170000,,,,,,,,,,,,,,27339.99,,,,,,,,,,,,,,,,,,,,,,,,33012.71,,,,179.05,,,,,,,,,,,,,100.00,,,,,,,,,,30000.00,,,,37394.36
1564561460000,,,,,,,,,,,,,,14225.32,,,,,,,,,,,,,,,,,,,,,,,,91777.95,,,,450.00,,,,,,,,,,,,,,,,,,,,,,,,,,,72171.36
1564611650000,,,,,,,,,,,,,,37168.02,,72347.35,,,,,,,,,,,,,,,,,,,,,,69307.62,,,,,,,,,,,,,,,,,,,,,,,,,,,,,20000.00,,19430.10
1564662060000,,,,,,,,,,,,,,11642.28,,,,,,,,,,,,,,,,,,,,,,,,56338.85,,,,,,,,,,,,,,,,,,,,,,,,,,,,,,,5033.04
1564712320000,,,,,,,,,,,,,,28342.28,,,,,,,,,,,,,,,3123.70,,,,,,,,,35613.74,4189.45,,,,,,,,,,,,,,2128.25,,,,,,,,,,,,,,,,5545.36
1564762380000,,,,,,,,,,,,,,13036.30,3502.28,,,,,,,,,,,,,,1350.90,,,,,,,,,27895.37,,,,,,,,,,,,,,11587.30,,,,,,,,,,,,,,,,,6904.79
1564812430000,,,,,,,,,,,,,,18049.44,,,,,,,,,,,,,,,,,,,,,,,,24465.27,,,,,,,,,,,,,,,,,,,,,,,,,,,,,,,6182.32
1564862480000,,,,,,,,,,644.93,,,,6072.04,,,,,,,,,,,,,,,,,,,,,,,,15057.38,,,,,,,,,,,,,,,,,,,,,,,,,,,,,,,2277.98
1564912550000,,,,,,,,,,,,,,16896.23,,,,,,,,,,,,,,,,,,,,,,,,38863.13,3620.60,,,17667.89,,,,,,,,,,,,,,,,,,,,,,,,,,,6185.57
1564962570000,,,,,,,,,,,,,,53597.23,,,,,,,,,,,,,,,,,,,,,,,,8645.55,,,,,,,,,,,,,,21434.28,,,,,,,7610.40,,,,,,,,30000.00,,50244.49
1565013030000,,,,,,,,,,,,,,49391.61,,,,,,,30000.00,,,,,,,,,,,,,,,,,21793.74,,,,,,,,,,,,,,,,,,,,,,,,,,,20000.00,,,,2223.21
1565063270000,,,,,,,,233139.33,,,,,,81315.64,,,,,,,70000.00,,,,,,,,,,,,,,,,,11481.28,,,,7811.70,,,,,,,,,644.33,,,,,,,,,,,,,,,,230000.00,,32350.74
1565113410000,,,,,,,,,,,,,,51979.11,,,,,,,,,,,,,,,,,,,,,,,,198803.16,,,,1643.72,,,,,,,,,,,,,,,,,,,,,,,,,,,28232.79
1565163850000,,,,,,,,,,,,,,4734.13,,,,,,,,,,,,,,,,,,,,,,,,50737.80,,,,,,,,,,,,,,,3670.01,,,,,,,,,,,,,,,,36723.46
1565214000000,,,,,,,,,,,,,,34083.25,,,,,,,,,,,,3200.00,,,,,,,,,,,,17069.47,4357.36,,,,,,,,,,,,,,,,,,,,2879.93,,,,,,,,,,6231.62
1565264420000,,,,,,,,,,,,,,33328.58,,,,,,,,74306.40,,,,,,,,,,,,,,103510.05,,49159.40,,,,,,,,,,,,,,,,,,,,,,,,,,,,,,,7896.31
1565314610000,,,,,,,,,,,,,,14642.35,,,,,,,,,,,,,,,,,,,,,,,,2503.41,,,,,,,,,,,,,,,,,,,,,,,,,,,,,,,12447.35
